# Contents:,Laser Egg 'E383' 30 days raw data
# Generated At:,Kaiterra 2019-12-07 13:51
# Time Span:,2019-11-07 00:00 to 2019-12-07 00:00
# Row Count:,5381
# Time Zone:,UTC+0530
Time Point,PM10 (µg/m³),PM2.5 (µg/m³),humidity (%),temp (C),Overall Index (IN),Primary Pollutant
2019-11-07 14:36:00,417,365,61.9,23.88,488,PM2.5
2019-11-07 14:37:00,416,358,61.97,23.83,483,PM2.5
2019-11-07 14:38:00,426,369,62.22,23.82,492,PM2.5
2019-11-07 14:39:00,423,368,62.21,23.8,491,PM2.5
2019-11-07 14:40:00,428,376,62.37,23.78,497,PM2.5
2019-11-07 14:41:00,418,368,62.45,23.76,491,PM2.5
2019-11-07 14:42:00,429,364,62.61,23.77,488,PM2.5
2019-11-07 14:43:00,435,369,62.77,23.76,492,PM2.5
2019-11-07 14:44:00,438,377,63.07,23.75,498,PM2.5
2019-11-07 14:45:00,420,361,63.28,23.75,485,PM2.5
2019-11-07 14:46:00,423,365,63.39,23.76,488,PM2.5
2019-11-07 14:47:00,430,361,63.15,23.75,485,PM2.5
2019-11-07 14:48:00,412,354,63.16,23.74,480,PM2.5
2019-11-07 14:49:00,418,358,63.19,23.73,483,PM2.5
2019-11-07 14:50:00,407,350,63.18,23.71,477,PM2.5
2019-11-07 14:51:00,402,350,63.05,23.71,477,PM2.5
2019-11-07 14:52:00,396,343,62.95,23.69,472,PM2.5
2019-11-07 14:53:00,381,327,62.82,23.69,459,PM2.5
2019-11-07 14:54:00,379,326,62.49,23.68,458,PM2.5
2019-11-07 14:55:00,354,309,62.11,23.66,445,PM2.5
2019-11-07 14:56:00,356,307,62.13,23.65,444,PM2.5
2019-11-07 14:57:00,356,310,61.87,23.64,446,PM2.5
2019-11-07 14:58:00,355,300,61.4,23.59,438,PM2.5
2019-11-07 14:59:00,331,288,61.58,23.58,429,PM2.5
2019-11-07 15:00:00,315,273,61.39,23.57,418,PM2.5
2019-11-07 15:01:00,303,265,61.24,23.56,412,PM2.5
2019-11-07 15:02:00,289,254,60.76,23.55,403,PM2.5
2019-11-07 15:03:00,288,251,60.76,23.53,401,PM2.5
2019-11-07 15:04:00,279,240,60.11,23.52,392,PM2.5
2019-11-07 15:05:00,266,230,60.38,23.5,385,PM2.5
2019-11-07 15:06:00,265,231,60.5,23.49,385,PM2.5
2019-11-07 15:07:00,277,243,60.17,23.47,395,PM2.5
2019-11-07 15:08:00,267,236,60.42,23.44,389,PM2.5
2019-11-07 15:09:00,272,242,60.56,23.43,394,PM2.5
2019-11-07 15:10:00,275,240,60.51,23.43,392,PM2.5
2019-11-07 15:11:00,299,265,60.58,23.4,412,PM2.5
2019-11-07 15:12:00,301,258,60.86,23.37,406,PM2.5
2019-11-07 15:13:00,307,271,60.99,23.35,416,PM2.5
2019-11-07 15:14:00,298,258,61.12,23.34,406,PM2.5
2019-11-07 15:15:00,310,265,61.22,23.35,412,PM2.5
2019-11-07 15:16:00,300,261,61.29,23.37,408,PM2.5
2019-11-07 15:17:00,297,252,61.32,23.39,402,PM2.5
2019-11-09 18:27:00,236,209,49.43,25.72,368,PM2.5
2019-11-09 18:28:00,244,211,50.05,25.54,370,PM2.5
2019-11-09 18:29:00,237,210,50.05,25.53,369,PM2.5
2019-11-09 18:30:00,238,206,50.11,25.51,366,PM2.5
2019-11-09 18:31:00,234,203,50.06,25.51,364,PM2.5
2019-11-09 18:32:00,223,194,49.96,25.49,357,PM2.5
2019-11-09 18:33:00,222,197,49.94,25.48,359,PM2.5
2019-11-09 18:34:00,219,194,50.07,25.46,357,PM2.5
2019-11-09 18:35:00,214,191,49.83,25.45,355,PM2.5
2019-11-09 18:36:00,222,187,50,25.44,352,PM2.5
2019-11-09 18:37:00,209,187,50.12,25.42,352,PM2.5
2019-11-09 18:38:00,216,189,50.09,25.41,353,PM2.5
2019-11-09 18:39:00,215,189,50.09,25.39,353,PM2.5
2019-11-09 18:40:00,211,186,50.06,25.38,351,PM2.5
2019-11-09 18:41:00,206,186,50.15,25.35,351,PM2.5
2019-11-09 18:42:00,199,184,49.75,25.33,349,PM2.5
2019-11-09 18:43:00,209,190,50.17,25.3,354,PM2.5
2019-11-09 18:44:00,210,188,49.87,25.29,352,PM2.5
2019-11-09 18:45:00,218,190,50.22,25.28,354,PM2.5
2019-11-09 18:46:00,223,193,50.18,25.26,356,PM2.5
2019-11-09 18:47:00,218,187,50.25,25.24,352,PM2.5
2019-11-09 18:48:00,213,189,50.43,25.23,353,PM2.5
2019-11-09 18:49:00,212,188,50.45,25.21,352,PM2.5
2019-11-09 18:50:00,205,184,50.5,25.19,349,PM2.5
2019-11-09 18:51:00,216,189,50.91,25.16,353,PM2.5
2019-11-09 18:52:00,211,183,51.03,25.15,348,PM2.5
2019-11-09 18:53:00,215,190,51.46,25.11,354,PM2.5
2019-11-09 18:54:00,207,180,51.37,25.1,346,PM2.5
2019-11-09 18:55:00,203,184,51.52,25.08,349,PM2.5
2019-11-09 18:56:00,221,188,51.65,25.06,352,PM2.5
2019-11-09 18:57:00,214,189,51.52,25.03,353,PM2.5
2019-11-09 18:58:00,203,176,51.66,25.02,343,PM2.5
2019-11-09 18:59:00,210,186,51.44,25.01,351,PM2.5
2019-11-09 19:00:00,213,185,51.75,24.98,350,PM2.5
2019-11-09 19:01:00,207,184,51.69,24.98,349,PM2.5
2019-11-09 19:02:00,214,183,52.07,24.96,348,PM2.5
2019-11-09 19:03:00,217,186,51.94,24.94,351,PM2.5
2019-11-09 19:04:00,202,185,52.38,24.95,350,PM2.5
2019-11-09 19:05:00,208,184,52.25,24.94,349,PM2.5
2019-11-09 19:06:00,217,190,64.63,24.78,354,PM2.5
2019-11-09 19:07:00,206,180,52.8,25.1,346,PM2.5
2019-11-09 19:08:00,192,174,51.18,25.68,342,PM2.5
2019-11-09 19:09:00,207,185,49.7,26.14,350,PM2.5
2019-11-09 19:10:00,215,190,48.77,26.43,354,PM2.5
2019-11-09 19:11:00,195,178,48.38,26.61,345,PM2.5
2019-11-09 19:12:00,215,189,47.64,26.67,353,PM2.5
2019-11-09 19:13:00,235,202,47.29,26.63,363,PM2.5
2019-11-09 19:14:00,235,204,47.7,26.58,365,PM2.5
2019-11-09 19:15:00,228,203,48.21,26.54,364,PM2.5
2019-11-09 19:16:00,231,201,47.83,26.44,362,PM2.5
2019-11-09 19:17:00,230,209,47.37,26.33,368,PM2.5
2019-11-09 19:18:00,228,197,48.27,26.26,359,PM2.5
2019-11-09 19:19:00,229,208,48.22,26.17,368,PM2.5
2019-11-09 19:20:00,246,211,47.91,26.08,370,PM2.5
2019-11-09 19:21:00,241,216,48.08,25.96,374,PM2.5
2019-11-09 19:22:00,255,220,48.15,25.82,377,PM2.5
2019-11-09 19:23:00,239,218,48.88,25.71,375,PM2.5
2019-11-09 19:24:00,241,213,49.03,25.63,372,PM2.5
2019-11-09 19:25:00,236,213,49.35,25.57,372,PM2.5
2019-11-09 19:26:00,240,219,49.61,25.51,376,PM2.5
2019-11-09 19:27:00,248,222,49.37,25.45,378,PM2.5
2019-11-09 19:28:00,250,225,49.87,25.38,381,PM2.5
2019-11-09 19:29:00,257,219,50.09,25.33,376,PM2.5
2019-11-09 19:30:00,245,221,50.26,25.32,378,PM2.5
2019-11-09 19:31:00,250,223,49.6,25.26,379,PM2.5
2019-11-09 19:32:00,257,222,50.08,25.2,378,PM2.5
2019-11-09 19:33:00,269,235,49.89,25.14,388,PM2.5
2019-11-09 19:34:00,262,232,50.38,25.09,386,PM2.5
2019-11-09 19:35:00,261,239,50.38,25.05,392,PM2.5
2019-11-09 19:36:00,255,227,50.84,25,382,PM2.5
2019-11-09 19:37:00,263,232,50.91,24.98,386,PM2.5
2019-11-09 19:38:00,265,232,50.98,24.98,386,PM2.5
2019-11-09 19:39:00,267,227,51.05,24.98,382,PM2.5
2019-11-09 19:40:00,257,224,51.55,24.99,380,PM2.5
2019-11-09 19:41:00,245,216,51.7,24.99,374,PM2.5
2019-11-09 19:42:00,241,214,51.99,24.99,372,PM2.5
2019-11-09 19:43:00,252,219,52.28,25,376,PM2.5
2019-11-09 19:44:00,238,214,52.57,25.02,372,PM2.5
2019-11-09 19:45:00,253,220,52.63,25.02,377,PM2.5
2019-11-09 19:46:00,238,217,52.73,25.03,375,PM2.5
2019-11-09 19:47:00,247,222,52.94,25.04,378,PM2.5
2019-11-09 19:48:00,240,215,53.13,25.06,373,PM2.5
2019-11-09 19:49:00,240,212,53.2,25.07,371,PM2.5
2019-11-09 19:50:00,247,224,53.44,25.07,380,PM2.5
2019-11-09 19:51:00,254,218,53.62,25.09,375,PM2.5
2019-11-09 19:52:00,249,225,53.48,25.1,381,PM2.5
2019-11-09 19:53:00,267,229,53.25,25.12,384,PM2.5
2019-11-09 19:54:00,255,225,53.7,25.12,381,PM2.5
2019-11-09 19:55:00,242,213,53.75,25.15,372,PM2.5
2019-11-09 19:56:00,243,213,53.67,25.18,372,PM2.5
2019-11-09 19:57:00,250,222,51.77,25.17,378,PM2.5
2019-11-09 19:58:00,266,227,51.98,25.15,382,PM2.5
2019-11-09 19:59:00,261,226,52.26,25.13,382,PM2.5
2019-11-09 20:00:00,270,238,51.63,25.13,391,PM2.5
2019-11-09 20:01:00,269,243,50.95,25.1,395,PM2.5
2019-11-09 20:02:00,288,250,51.26,25.06,400,PM2.5
2019-11-09 20:03:00,274,245,50.54,25.04,396,PM2.5
2019-11-09 20:04:00,286,250,50.23,25.01,400,PM2.5
2019-11-09 20:05:00,297,255,50.37,24.99,404,PM2.5
2019-11-09 20:06:00,280,250,50.52,24.98,400,PM2.5
2019-11-09 20:07:00,280,252,50.67,24.96,402,PM2.5
2019-11-09 20:08:00,282,251,50.52,24.95,401,PM2.5
2019-11-09 20:09:00,287,244,51.11,24.95,395,PM2.5
2019-11-09 20:10:00,301,261,50.92,24.93,408,PM2.5
2019-11-09 20:11:00,285,250,51.53,24.91,400,PM2.5
2019-11-09 20:12:00,299,258,50.94,24.89,406,PM2.5
2019-11-09 20:13:00,313,271,50.22,24.88,416,PM2.5
2019-11-09 20:14:00,300,262,50.67,24.86,409,PM2.5
2019-11-09 20:15:00,308,277,50.85,24.84,421,PM2.5
2019-11-09 20:16:00,326,278,51.67,24.84,422,PM2.5
2019-11-09 20:17:00,333,286,51.77,24.83,428,PM2.5
2019-11-09 20:18:00,350,304,52.2,24.83,442,PM2.5
2019-11-09 20:19:00,332,290,51.93,24.84,431,PM2.5
2019-11-09 20:20:00,326,282,51.3,24.82,425,PM2.5
2019-11-09 20:21:00,317,279,51.29,24.8,422,PM2.5
2019-11-09 20:22:00,323,282,51.08,24.8,425,PM2.5
2019-11-09 20:23:00,308,275,51.4,24.79,419,PM2.5
2019-11-09 20:24:00,317,274,50.52,24.78,418,PM2.5
2019-11-09 20:25:00,312,268,51.01,24.76,414,PM2.5
2019-11-09 20:26:00,317,277,51.08,24.75,421,PM2.5
2019-11-09 20:27:00,312,273,50.44,24.75,418,PM2.5
2019-11-09 20:28:00,297,264,49.38,24.71,411,PM2.5
2019-11-09 20:29:00,307,268,49.1,24.68,414,PM2.5
2019-11-09 20:30:00,308,267,49.04,24.64,413,PM2.5
2019-11-09 20:31:00,306,262,49.09,24.62,409,PM2.5
2019-11-09 20:32:00,301,269,49.57,24.6,415,PM2.5
2019-11-09 20:33:00,292,260,49.7,24.58,408,PM2.5
2019-11-09 20:34:00,302,265,49.96,24.57,412,PM2.5
2019-11-09 20:35:00,305,266,50.07,24.56,412,PM2.5
2019-11-09 20:36:00,306,270,50.46,24.55,415,PM2.5
2019-11-09 20:37:00,305,273,50.37,24.54,418,PM2.5
2019-11-09 20:38:00,297,261,50.72,24.53,408,PM2.5
2019-11-09 20:39:00,299,263,51.1,24.54,410,PM2.5
2019-11-09 20:40:00,299,268,50.59,24.54,414,PM2.5
2019-11-09 20:41:00,325,273,50.49,24.54,418,PM2.5
2019-11-09 20:42:00,321,272,50.69,24.53,417,PM2.5
2019-11-09 20:43:00,302,272,50.11,24.53,417,PM2.5
2019-11-09 20:44:00,298,266,50.71,24.52,412,PM2.5
2019-11-09 20:45:00,310,271,50.65,24.52,416,PM2.5
2019-11-09 20:46:00,320,279,50.3,24.51,422,PM2.5
2019-11-09 20:47:00,319,283,50.5,24.5,425,PM2.5
2019-11-09 20:48:00,310,277,50.3,24.48,421,PM2.5
2019-11-09 20:49:00,316,277,50.41,24.48,421,PM2.5
2019-11-09 20:50:00,305,272,51.01,24.47,417,PM2.5
2019-11-09 20:51:00,324,278,50.73,24.48,422,PM2.5
2019-11-09 20:52:00,318,277,50.68,24.47,421,PM2.5
2019-11-09 20:53:00,333,288,50.64,24.47,429,PM2.5
2019-11-09 20:54:00,325,286,50.85,24.45,428,PM2.5
2019-11-09 20:55:00,335,289,50.82,24.44,430,PM2.5
2019-11-09 20:56:00,326,286,50.6,24.42,428,PM2.5
2019-11-09 20:57:00,319,285,50.8,24.41,427,PM2.5
2019-11-09 20:58:00,326,290,50.59,24.39,431,PM2.5
2019-11-09 20:59:00,330,290,50.83,24.38,431,PM2.5
2019-11-09 21:00:00,334,297,50.49,24.36,436,PM2.5
2019-11-09 21:01:00,336,290,50.42,24.34,431,PM2.5
2019-11-09 21:02:00,335,290,50.42,24.33,431,PM2.5
2019-11-09 21:03:00,339,293,50.46,24.31,433,PM2.5
2019-11-09 21:04:00,333,293,50.51,24.29,433,PM2.5
2019-11-09 21:05:00,323,291,50.42,24.26,432,PM2.5
2019-11-09 21:06:00,333,287,50.44,24.24,428,PM2.5
2019-11-09 21:07:00,319,293,50.58,24.23,433,PM2.5
2019-11-09 21:08:00,333,290,50.82,24.21,431,PM2.5
2019-11-09 21:09:00,338,290,50.99,24.2,431,PM2.5
2019-11-09 21:10:00,332,286,51.04,24.22,428,PM2.5
2019-11-09 21:11:00,330,285,51.29,24.22,427,PM2.5
2019-11-09 21:12:00,327,282,51.46,24.2,425,PM2.5
2019-11-09 21:13:00,321,281,51.37,24.21,424,PM2.5
2019-11-09 21:14:00,336,289,51.3,24.22,430,PM2.5
2019-11-09 21:15:00,327,285,50.9,24.21,427,PM2.5
2019-11-09 21:16:00,346,292,50.92,24.21,432,PM2.5
2019-11-09 21:17:00,343,292,50.9,24.2,432,PM2.5
2019-11-09 21:18:00,341,297,50.82,24.19,436,PM2.5
2019-11-09 21:19:00,327,285,51.19,24.18,427,PM2.5
2019-11-09 21:20:00,318,279,52.02,24.19,422,PM2.5
2019-11-09 21:21:00,323,285,51.68,24.19,427,PM2.5
2019-11-09 21:22:00,334,289,51.06,24.19,430,PM2.5
2019-11-09 21:23:00,348,297,50.98,24.17,436,PM2.5
2019-11-09 21:24:00,328,288,51.53,24.18,429,PM2.5
2019-11-09 21:25:00,326,285,51.61,24.18,427,PM2.5
2019-11-09 21:26:00,344,296,51.29,24.18,435,PM2.5
2019-11-09 21:27:00,342,305,51.27,24.18,442,PM2.5
2019-11-09 21:28:00,343,299,51.3,24.18,438,PM2.5
2019-11-09 21:29:00,344,294,51.39,24.18,434,PM2.5
2019-11-09 21:30:00,333,299,51.39,24.17,438,PM2.5
2019-11-09 21:31:00,347,297,51.56,24.16,436,PM2.5
2019-11-09 21:32:00,343,298,51.47,24.16,437,PM2.5
2019-11-09 21:33:00,334,292,51.77,24.17,432,PM2.5
2019-11-09 21:34:00,335,287,52.09,24.18,428,PM2.5
2019-11-09 21:35:00,325,287,52.17,24.18,428,PM2.5
2019-11-09 21:36:00,321,282,52.02,24.2,425,PM2.5
2019-11-09 21:37:00,324,288,51.78,24.19,429,PM2.5
2019-11-09 21:38:00,321,280,52.27,24.2,423,PM2.5
2019-11-09 21:39:00,323,283,52.17,24.21,425,PM2.5
2019-11-09 21:40:00,316,278,51.46,24.21,422,PM2.5
2019-11-09 21:41:00,318,276,50.87,24.21,420,PM2.5
2019-11-09 21:42:00,325,287,50.81,24.19,428,PM2.5
2019-11-09 21:43:00,318,279,51.1,24.17,422,PM2.5
2019-11-09 21:44:00,316,277,51.44,24.16,421,PM2.5
2019-11-09 21:45:00,304,271,51.41,24.17,416,PM2.5
2019-11-09 21:46:00,304,274,51.73,24.17,418,PM2.5
2019-11-09 21:47:00,310,271,51.59,24.18,416,PM2.5
2019-11-09 21:48:00,315,276,51.91,24.19,420,PM2.5
2019-11-09 21:49:00,310,271,51.26,24.2,416,PM2.5
2019-11-09 21:50:00,306,268,50.97,24.2,414,PM2.5
2019-11-09 21:51:00,303,269,50.91,24.19,415,PM2.5
2019-11-09 21:52:00,298,270,50.98,24.17,415,PM2.5
2019-11-09 21:53:00,311,274,51.18,24.16,418,PM2.5
2019-11-09 21:54:00,310,274,51.26,24.16,418,PM2.5
2019-11-09 21:55:00,300,262,51.58,24.15,409,PM2.5
2019-11-09 21:56:00,297,266,51.25,24.15,412,PM2.5
2019-11-09 21:57:00,304,267,51.15,24.15,413,PM2.5
2019-11-09 21:58:00,300,265,51.23,24.14,412,PM2.5
2019-11-09 21:59:00,295,257,51.22,24.14,405,PM2.5
2019-11-09 22:00:00,299,262,50.85,24.12,409,PM2.5
2019-11-09 22:01:00,293,260,51.31,24.13,408,PM2.5
2019-11-09 22:02:00,287,256,51.51,24.14,405,PM2.5
2019-11-09 22:03:00,297,264,51.51,24.13,411,PM2.5
2019-11-09 22:04:00,282,251,51.33,24.14,401,PM2.5
2019-11-09 22:05:00,288,252,50.7,24.13,402,PM2.5
2019-11-09 22:06:00,287,254,50.69,24.13,403,PM2.5
2019-11-09 22:07:00,288,251,50.63,24.14,401,PM2.5
2019-11-09 22:08:00,277,244,50.63,24.14,395,PM2.5
2019-11-09 22:09:00,286,251,50.13,24.14,401,PM2.5
2019-11-09 22:10:00,291,256,50.01,24.14,405,PM2.5
2019-11-09 22:11:00,292,252,50.41,24.15,402,PM2.5
2019-11-09 22:12:00,280,252,50.83,24.15,402,PM2.5
2019-11-09 22:13:00,279,247,50.55,24.16,398,PM2.5
2019-11-09 22:14:00,292,255,50.32,24.16,404,PM2.5
2019-11-09 22:15:00,275,242,51.24,24.16,394,PM2.5
2019-11-09 22:16:00,280,245,51.18,24.17,396,PM2.5
2019-11-09 22:17:00,276,246,51.04,24.18,397,PM2.5
2019-11-09 22:18:00,278,242,51.39,24.18,394,PM2.5
2019-11-09 22:19:00,273,242,51.25,24.2,394,PM2.5
2019-11-09 22:20:00,281,246,50.47,24.2,397,PM2.5
2019-11-09 22:21:00,309,265,49.69,24.2,412,PM2.5
2019-11-09 22:22:00,300,264,49.59,24.19,411,PM2.5
2019-11-09 22:23:00,297,261,49.55,24.2,408,PM2.5
2019-11-09 22:24:00,285,252,50.74,24.2,402,PM2.5
2019-11-09 22:25:00,277,244,50.87,24.21,395,PM2.5
2019-11-09 22:26:00,281,246,50.57,24.21,397,PM2.5
2019-11-09 22:27:00,301,265,49.59,24.21,412,PM2.5
2019-11-09 22:28:00,295,264,49.62,24.2,411,PM2.5
2019-11-09 22:29:00,307,269,49.13,24.19,415,PM2.5
2019-11-09 22:30:00,299,266,49,24.16,412,PM2.5
2019-11-09 22:31:00,294,267,49.15,24.15,413,PM2.5
2019-11-09 22:32:00,314,275,49.01,24.15,419,PM2.5
2019-11-09 22:33:00,318,281,49.14,24.12,424,PM2.5
2019-11-09 22:34:00,300,268,49.32,24.09,414,PM2.5
2019-11-09 22:35:00,316,280,49.25,24.07,423,PM2.5
2019-11-09 22:36:00,333,287,49.31,24.06,428,PM2.5
2019-11-09 22:37:00,319,290,49.04,24.03,431,PM2.5
2019-11-09 22:38:00,330,290,49.03,24,431,PM2.5
2019-11-09 22:39:00,326,281,49.13,23.98,424,PM2.5
2019-11-09 22:40:00,336,289,49.38,23.94,430,PM2.5
2019-11-09 22:41:00,322,281,49.32,23.93,424,PM2.5
2019-11-09 22:42:00,327,289,49.27,23.9,430,PM2.5
2019-11-09 22:43:00,319,285,49.09,23.89,427,PM2.5
2019-11-09 22:44:00,325,288,49.12,23.88,429,PM2.5
2019-11-09 22:45:00,321,282,49.18,23.86,425,PM2.5
2019-11-09 22:46:00,323,279,49.29,23.84,422,PM2.5
2019-11-09 22:47:00,324,286,49.35,23.82,428,PM2.5
2019-11-09 22:48:00,316,283,49.65,23.8,425,PM2.5
2019-11-09 22:49:00,316,282,49.73,23.78,425,PM2.5
2019-11-09 22:50:00,327,285,49.92,23.77,427,PM2.5
2019-11-09 22:51:00,316,273,50.06,23.77,418,PM2.5
2019-11-09 22:52:00,326,279,49.9,23.78,422,PM2.5
2019-11-09 22:53:00,324,283,49.64,23.79,425,PM2.5
2019-11-09 22:54:00,340,292,49.34,23.79,432,PM2.5
2019-11-09 22:55:00,329,287,49.29,23.79,428,PM2.5
2019-11-09 22:56:00,322,289,49.18,23.78,430,PM2.5
2019-11-09 22:57:00,331,296,49.04,23.78,435,PM2.5
2019-11-09 22:58:00,323,289,49.14,23.77,430,PM2.5
2019-11-09 22:59:00,321,289,49.15,23.75,430,PM2.5
2019-11-09 23:00:00,352,306,49.12,23.74,443,PM2.5
2019-11-09 23:01:00,341,302,49.23,23.73,440,PM2.5
2019-11-09 23:02:00,335,296,49.18,23.72,435,PM2.5
2019-11-09 23:03:00,331,295,49.06,23.71,435,PM2.5
2019-11-09 23:04:00,346,296,49.08,23.7,435,PM2.5
2019-11-09 23:05:00,333,292,49.32,23.7,432,PM2.5
2019-11-09 23:06:00,338,298,49.34,23.67,437,PM2.5
2019-11-09 23:07:00,326,298,49.41,23.67,437,PM2.5
2019-11-09 23:08:00,345,300,49.42,23.65,438,PM2.5
2019-11-09 23:09:00,340,297,49.43,23.65,436,PM2.5
2019-11-09 23:10:00,340,300,49.43,23.63,438,PM2.5
2019-11-09 23:11:00,341,299,49.5,23.6,438,PM2.5
2019-11-09 23:12:00,351,303,49.51,23.58,441,PM2.5
2019-11-09 23:13:00,347,301,49.46,23.56,439,PM2.5
2019-11-09 23:14:00,353,301,49.46,23.52,439,PM2.5
2019-11-09 23:15:00,351,313,49.37,23.5,448,PM2.5
2019-11-09 23:16:00,343,304,49.5,23.48,442,PM2.5
2019-11-09 23:17:00,362,310,49.48,23.46,446,PM2.5
2019-11-09 23:18:00,348,303,49.66,23.45,441,PM2.5
2019-11-09 23:19:00,352,311,49.63,23.45,447,PM2.5
2019-11-09 23:20:00,355,303,49.82,23.45,441,PM2.5
2019-11-09 23:21:00,348,301,50.24,23.45,439,PM2.5
2019-11-09 23:22:00,333,284,50.6,23.47,426,PM2.5
2019-11-09 23:23:00,345,292,50.95,23.51,432,PM2.5
2019-11-09 23:24:00,325,288,51.02,23.55,429,PM2.5
2019-11-09 23:25:00,325,289,50.97,23.6,430,PM2.5
2019-11-09 23:26:00,320,284,50.94,23.62,426,PM2.5
2019-11-09 23:27:00,337,290,51.01,23.67,431,PM2.5
2019-11-09 23:28:00,308,278,51.05,23.69,422,PM2.5
2019-11-09 23:29:00,318,284,51.22,23.73,426,PM2.5
2019-11-09 23:30:00,308,279,51.25,23.75,422,PM2.5
2019-11-09 23:34:00,329,288,51.09,23.85,429,PM2.5
2019-11-09 23:35:00,329,290,51.13,23.86,431,PM2.5
2019-11-09 23:36:00,326,289,51.06,23.88,430,PM2.5
2019-11-09 23:37:00,338,293,51.03,23.9,433,PM2.5
2019-11-09 23:38:00,319,279,51.21,23.91,422,PM2.5
2019-11-09 23:39:00,324,280,51.27,23.92,423,PM2.5
2019-11-09 23:40:00,320,281,51.35,23.93,424,PM2.5
2019-11-09 23:41:00,315,276,51.42,23.94,420,PM2.5
2019-11-09 23:42:00,313,271,51.43,23.95,416,PM2.5
2019-11-09 23:43:00,312,277,51.57,23.96,421,PM2.5
2019-11-09 23:44:00,325,280,51.61,23.97,423,PM2.5
2019-11-09 23:45:00,309,274,51.65,23.97,418,PM2.5
2019-11-09 23:46:00,305,276,51.74,23.98,420,PM2.5
2019-11-09 23:47:00,315,282,51.8,23.99,425,PM2.5
2019-11-09 23:48:00,313,277,51.95,24,421,PM2.5
2019-11-09 23:49:00,309,270,52.08,24.01,415,PM2.5
2019-11-09 23:50:00,305,269,52.18,24.03,415,PM2.5
2019-11-09 23:51:00,307,267,52.32,24.03,413,PM2.5
2019-11-09 23:52:00,302,264,52.37,24.04,411,PM2.5
2019-11-09 23:53:00,305,266,52.55,24.05,412,PM2.5
2019-11-09 23:54:00,298,265,52.67,24.06,412,PM2.5
2019-11-09 23:55:00,300,260,52.81,24.07,408,PM2.5
2019-11-09 23:56:00,300,265,52.96,24.09,412,PM2.5
2019-11-09 23:57:00,301,263,52.93,24.09,410,PM2.5
2019-11-09 23:58:00,298,260,52.86,24.11,408,PM2.5
2019-11-09 23:59:00,307,268,52.74,24.12,414,PM2.5
2019-11-10 00:00:00,302,270,52.66,24.12,415,PM2.5
2019-11-10 00:01:00,294,266,52.79,24.14,412,PM2.5
2019-11-10 00:02:00,298,263,52.7,24.15,410,PM2.5
2019-11-10 00:03:00,301,264,52.84,24.16,411,PM2.5
2019-11-10 00:04:00,295,263,52.93,24.16,410,PM2.5
2019-11-10 00:05:00,288,259,52.97,24.17,407,PM2.5
2019-11-10 00:06:00,292,260,52.92,24.18,408,PM2.5
2019-11-10 00:07:00,296,266,53.09,24.18,412,PM2.5
2019-11-10 00:08:00,295,260,53.19,24.19,408,PM2.5
2019-11-10 00:09:00,294,261,53.49,24.2,408,PM2.5
2019-11-10 00:10:00,289,257,53.64,24.21,405,PM2.5
2019-11-10 00:11:00,291,259,53.73,24.22,407,PM2.5
2019-11-10 00:12:00,275,251,53.81,24.23,401,PM2.5
2019-11-10 00:13:00,284,257,53.91,24.23,405,PM2.5
2019-11-10 00:14:00,286,255,53.93,24.24,404,PM2.5
2019-11-10 00:15:00,289,255,53.92,24.24,404,PM2.5
2019-11-10 00:16:00,295,261,53.76,24.26,408,PM2.5
2019-11-10 00:17:00,300,265,53.55,24.26,412,PM2.5
2019-11-10 00:18:00,305,265,53.31,24.27,412,PM2.5
2019-11-10 00:19:00,303,270,53.33,24.28,415,PM2.5
2019-11-10 00:20:00,285,260,53.35,24.29,408,PM2.5
2019-11-10 00:21:00,304,270,53.42,24.29,415,PM2.5
2019-11-10 00:22:00,301,268,53.25,24.3,414,PM2.5
2019-11-10 00:23:00,283,253,53.57,24.31,402,PM2.5
2019-11-10 00:24:00,279,251,53.58,24.32,401,PM2.5
2019-11-10 00:25:00,284,258,53.91,24.32,406,PM2.5
2019-11-10 00:26:00,287,255,54.11,24.33,404,PM2.5
2019-11-10 00:27:00,290,253,53.92,24.33,402,PM2.5
2019-11-10 00:28:00,290,257,53.81,24.34,405,PM2.5
2019-11-10 00:29:00,302,255,53.62,24.35,404,PM2.5
2019-11-10 00:30:00,289,254,53.75,24.35,403,PM2.5
2019-11-10 00:31:00,295,261,53.82,24.36,408,PM2.5
2019-11-10 00:32:00,285,255,53.83,24.36,404,PM2.5
2019-11-10 00:33:00,287,254,53.85,24.36,403,PM2.5
2019-11-10 00:34:00,277,251,53.93,24.37,401,PM2.5
2019-11-10 00:35:00,287,253,54.07,24.38,402,PM2.5
2019-11-10 00:36:00,282,255,53.96,24.38,404,PM2.5
2019-11-10 00:37:00,295,259,53.82,24.39,407,PM2.5
2019-11-10 00:38:00,286,248,53.99,24.4,398,PM2.5
2019-11-10 00:39:00,292,255,53.89,24.39,404,PM2.5
2019-11-10 00:40:00,289,258,53.79,24.4,406,PM2.5
2019-11-10 00:41:00,287,259,53.74,24.41,407,PM2.5
2019-11-10 00:42:00,298,263,53.84,24.41,410,PM2.5
2019-11-10 00:43:00,287,254,53.74,24.42,403,PM2.5
2019-11-10 00:44:00,294,259,53.79,24.42,407,PM2.5
2019-11-10 00:45:00,288,259,53.75,24.42,407,PM2.5
2019-11-10 00:46:00,290,257,53.83,24.43,405,PM2.5
2019-11-10 00:47:00,300,266,53.83,24.43,412,PM2.5
2019-11-10 00:48:00,291,259,53.94,24.43,407,PM2.5
2019-11-10 00:49:00,275,250,53.96,24.43,400,PM2.5
2019-11-10 00:50:00,283,247,53.97,24.44,398,PM2.5
2019-11-10 00:51:00,288,256,54,24.44,405,PM2.5
2019-11-10 00:52:00,292,254,53.98,24.45,403,PM2.5
2019-11-10 00:53:00,289,258,54.04,24.45,406,PM2.5
2019-11-10 00:54:00,282,256,53.95,24.45,405,PM2.5
2019-11-10 00:55:00,294,262,53.85,24.45,409,PM2.5
2019-11-10 00:56:00,301,265,53.76,24.46,412,PM2.5
2019-11-10 00:57:00,309,276,53.68,24.46,420,PM2.5
2019-11-10 00:58:00,304,273,53.52,24.46,418,PM2.5
2019-11-10 00:59:00,318,280,53.41,24.46,423,PM2.5
2019-11-10 01:00:00,314,279,53.54,24.47,422,PM2.5
2019-11-10 01:01:00,314,275,53.45,24.47,419,PM2.5
2019-11-10 01:02:00,317,284,53.44,24.47,426,PM2.5
2019-11-10 01:03:00,299,270,53.45,24.47,415,PM2.5
2019-11-10 01:04:00,325,286,53.55,24.47,428,PM2.5
2019-11-10 01:05:00,316,278,53.63,24.47,422,PM2.5
2019-11-10 01:06:00,287,260,53.94,24.48,408,PM2.5
2019-11-10 01:07:00,286,257,54.11,24.47,405,PM2.5
2019-11-10 01:08:00,297,267,54.21,24.48,413,PM2.5
2019-11-10 01:09:00,295,266,54.14,24.48,412,PM2.5
2019-11-10 01:10:00,281,255,54.44,24.48,404,PM2.5
2019-11-10 01:11:00,274,249,54.63,24.48,399,PM2.5
2019-11-10 01:12:00,278,251,54.79,24.49,401,PM2.5
2019-11-10 01:13:00,297,258,54.59,24.49,406,PM2.5
2019-11-10 01:14:00,303,264,54.35,24.49,411,PM2.5
2019-11-10 01:15:00,314,281,53.99,24.5,424,PM2.5
2019-11-10 01:16:00,318,285,53.78,24.49,427,PM2.5
2019-11-10 01:17:00,344,304,53.49,24.49,442,PM2.5
2019-11-10 01:18:00,331,292,53.45,24.49,432,PM2.5
2019-11-10 01:19:00,344,298,53.64,24.5,437,PM2.5
2019-11-10 01:20:00,333,296,53.59,24.5,435,PM2.5
2019-11-10 01:21:00,325,288,53.85,24.49,429,PM2.5
2019-11-10 01:22:00,326,286,53.75,24.5,428,PM2.5
2019-11-10 01:23:00,312,273,54.06,24.51,418,PM2.5
2019-11-10 01:24:00,314,279,53.89,24.5,422,PM2.5
2019-11-10 01:25:00,314,278,53.9,24.5,422,PM2.5
2019-11-10 01:26:00,312,279,53.95,24.51,422,PM2.5
2019-11-10 01:27:00,316,278,53.91,24.51,422,PM2.5
2019-11-10 01:28:00,333,292,53.66,24.51,432,PM2.5
2019-11-10 01:29:00,339,296,53.68,24.51,435,PM2.5
2019-11-10 01:30:00,333,298,53.75,24.51,437,PM2.5
2019-11-10 01:31:00,341,304,53.6,24.52,442,PM2.5
2019-11-10 01:32:00,348,302,53.5,24.51,440,PM2.5
2019-11-10 01:33:00,334,293,53.64,24.51,433,PM2.5
2019-11-10 01:34:00,335,297,53.71,24.52,436,PM2.5
2019-11-10 01:35:00,333,292,53.73,24.52,432,PM2.5
2019-11-10 01:36:00,330,289,53.88,24.52,430,PM2.5
2019-11-10 01:37:00,331,294,53.79,24.52,434,PM2.5
2019-11-10 01:38:00,332,301,53.68,24.52,439,PM2.5
2019-11-10 01:39:00,331,289,53.88,24.52,430,PM2.5
2019-11-10 01:40:00,325,290,53.8,24.52,431,PM2.5
2019-11-10 01:41:00,327,291,53.93,24.52,432,PM2.5
2019-11-10 01:42:00,321,288,53.96,24.52,429,PM2.5
2019-11-10 01:43:00,318,283,54.02,24.52,425,PM2.5
2019-11-10 01:44:00,343,304,53.81,24.52,442,PM2.5
2019-11-10 01:45:00,348,307,53.91,24.52,444,PM2.5
2019-11-10 01:46:00,358,311,53.92,24.53,447,PM2.5
2019-11-10 01:47:00,362,305,53.77,24.53,442,PM2.5
2019-11-10 01:48:00,342,307,53.89,24.53,444,PM2.5
2019-11-10 01:49:00,345,305,53.92,24.52,442,PM2.5
2019-11-10 01:50:00,352,304,53.8,24.53,442,PM2.5
2019-11-10 01:51:00,335,299,53.93,24.53,438,PM2.5
2019-11-10 01:52:00,358,315,53.58,24.53,450,PM2.5
2019-11-10 01:53:00,373,330,53.41,24.52,462,PM2.5
2019-11-10 01:54:00,382,328,53.32,24.53,460,PM2.5
2019-11-10 01:55:00,381,335,53.06,24.52,465,PM2.5
2019-11-10 01:56:00,370,329,53.29,24.52,461,PM2.5
2019-11-10 01:57:00,373,330,53.1,24.52,462,PM2.5
2019-11-10 01:58:00,377,334,53.06,24.52,465,PM2.5
2019-11-10 02:00:00,366,325,53.24,24.52,458,PM2.5
2019-11-10 02:01:00,381,338,52.86,24.53,468,PM2.5
2019-11-10 02:02:00,367,337,53.03,24.52,467,PM2.5
2019-11-10 02:03:00,372,329,53.16,24.52,461,PM2.5
2019-11-10 02:04:00,361,326,53.31,24.52,458,PM2.5
2019-11-10 02:05:00,350,316,53.62,24.52,451,PM2.5
2019-11-10 02:06:00,345,305,53.8,24.52,442,PM2.5
2019-11-10 02:07:00,337,298,54.25,24.52,437,PM2.5
2019-11-10 02:08:00,319,288,54.43,24.52,429,PM2.5
2019-11-10 02:09:00,323,283,54.62,24.53,425,PM2.5
2019-11-10 02:10:00,321,283,54.7,24.52,425,PM2.5
2019-11-10 02:11:00,330,287,54.78,24.53,428,PM2.5
2019-11-10 02:12:00,322,286,54.78,24.53,428,PM2.5
2019-11-10 02:13:00,338,303,54.19,24.52,441,PM2.5
2019-11-10 02:14:00,393,344,53.49,24.52,472,PM2.5
2019-11-10 02:15:00,398,342,53.41,24.52,471,PM2.5
2019-11-10 02:16:00,401,347,53.3,24.52,475,PM2.5
2019-11-10 02:17:00,391,347,53.23,24.52,475,PM2.5
2019-11-10 02:18:00,405,346,53.28,24.52,474,PM2.5
2019-11-10 02:19:00,378,340,53.46,24.51,469,PM2.5
2019-11-10 02:20:00,381,338,53.53,24.52,468,PM2.5
2019-11-10 02:21:00,387,339,53.3,24.52,468,PM2.5
2019-11-10 02:22:00,373,334,53.66,24.52,465,PM2.5
2019-11-10 02:23:00,383,334,53.66,24.53,465,PM2.5
2019-11-10 02:24:00,380,335,53.65,24.53,465,PM2.5
2019-11-10 02:25:00,379,335,53.61,24.53,465,PM2.5
2019-11-10 02:26:00,377,332,53.67,24.52,463,PM2.5
2019-11-10 02:27:00,374,337,53.82,24.52,467,PM2.5
2019-11-10 02:28:00,374,331,53.71,24.53,462,PM2.5
2019-11-10 02:29:00,376,337,53.85,24.53,467,PM2.5
2019-11-10 02:30:00,380,333,53.84,24.53,464,PM2.5
2019-11-10 02:31:00,369,329,53.84,24.54,461,PM2.5
2019-11-10 02:32:00,395,344,53.62,24.53,472,PM2.5
2019-11-10 02:33:00,383,346,53.49,24.53,474,PM2.5
2019-11-10 02:34:00,392,345,53.52,24.52,473,PM2.5
2019-11-10 02:35:00,384,346,53.8,24.52,474,PM2.5
2019-11-10 02:36:00,399,338,53.81,24.52,468,PM2.5
2019-11-10 02:37:00,386,343,53.73,24.52,472,PM2.5
2019-11-10 02:38:00,386,336,53.78,24.53,466,PM2.5
2019-11-10 02:39:00,391,341,53.69,24.52,470,PM2.5
2019-11-10 02:40:00,391,344,53.6,24.52,472,PM2.5
2019-11-10 02:41:00,393,345,53.72,24.52,473,PM2.5
2019-11-10 02:42:00,399,349,53.8,24.52,476,PM2.5
2019-11-10 02:43:00,374,336,53.93,24.53,466,PM2.5
2019-11-10 02:44:00,375,329,54.15,24.53,461,PM2.5
2019-11-10 02:45:00,365,313,54.48,24.52,448,PM2.5
2019-11-10 02:46:00,338,314,54.72,24.52,449,PM2.5
2019-11-10 02:47:00,376,325,54.36,24.53,458,PM2.5
2019-11-10 02:48:00,393,348,53.89,24.53,475,PM2.5
2019-11-10 02:49:00,405,353,53.9,24.52,479,PM2.5
2019-11-10 02:50:00,416,367,53.67,24.52,490,PM2.5
2019-11-10 02:51:00,413,360,53.75,24.52,485,PM2.5
2019-11-10 02:52:00,402,359,53.82,24.51,484,PM2.5
2019-11-10 02:53:00,387,350,53.87,24.53,477,PM2.5
2019-11-10 02:54:00,374,338,54.03,24.53,468,PM2.5
2019-11-10 02:55:00,392,347,53.93,24.52,475,PM2.5
2019-11-10 02:56:00,389,349,53.99,24.53,476,PM2.5
2019-11-10 02:57:00,396,350,54.03,24.53,477,PM2.5
2019-11-10 02:58:00,391,345,54.15,24.53,473,PM2.5
2019-11-10 02:59:00,386,338,54.19,24.54,468,PM2.5
2019-11-10 03:00:00,386,339,54.11,24.53,468,PM2.5
2019-11-10 03:01:00,385,345,54.04,24.54,473,PM2.5
2019-11-10 03:02:00,387,340,54.01,24.54,469,PM2.5
2019-11-10 03:03:00,393,353,53.82,24.54,479,PM2.5
2019-11-10 03:04:00,416,366,53.62,24.53,489,PM2.5
2019-11-10 03:05:00,392,351,53.7,24.53,478,PM2.5
2019-11-10 03:06:00,419,367,53.8,24.53,490,PM2.5
2019-11-10 03:07:00,382,336,54.16,24.52,466,PM2.5
2019-11-10 03:08:00,402,345,54.02,24.53,473,PM2.5
2019-11-10 03:09:00,384,343,54.26,24.53,472,PM2.5
2019-11-10 03:10:00,376,334,54.34,24.53,465,PM2.5
2019-11-10 03:11:00,364,327,54.7,24.53,459,PM2.5
2019-11-10 03:12:00,387,337,54.61,24.53,467,PM2.5
2019-11-10 03:13:00,386,342,54.27,24.52,471,PM2.5
2019-11-10 03:14:00,378,332,54.39,24.53,463,PM2.5
2019-11-10 03:15:00,391,340,54.42,24.53,469,PM2.5
2019-11-10 03:16:00,396,343,54.28,24.52,472,PM2.5
2019-11-10 03:17:00,398,355,54.2,24.53,481,PM2.5
2019-11-10 03:18:00,405,363,54.14,24.52,487,PM2.5
2019-11-10 03:19:00,413,365,53.77,24.52,488,PM2.5
2019-11-10 03:20:00,424,370,53.72,24.52,492,PM2.5
2019-11-10 03:21:00,416,366,53.87,24.53,489,PM2.5
2019-11-10 03:22:00,407,345,54.09,24.52,473,PM2.5
2019-11-10 03:23:00,407,360,53.96,24.52,485,PM2.5
2019-11-10 03:24:00,400,349,54.18,24.52,476,PM2.5
2019-11-10 03:25:00,389,342,54.25,24.52,471,PM2.5
2019-11-10 03:26:00,395,342,54.38,24.52,471,PM2.5
2019-11-10 03:27:00,373,338,54.37,24.52,468,PM2.5
2019-11-10 03:28:00,411,360,54.02,24.53,485,PM2.5
2019-11-10 03:29:00,420,372,53.98,24.53,494,PM2.5
2019-11-10 03:30:00,425,377,53.8,24.52,498,PM2.5
2019-11-10 03:31:00,427,368,53.85,24.51,491,PM2.5
2019-11-10 03:32:00,415,367,53.95,24.52,490,PM2.5
2019-11-10 03:33:00,425,369,53.73,24.52,492,PM2.5
2019-11-10 03:34:00,423,365,54.1,24.52,488,PM2.5
2019-11-10 03:35:00,400,356,54.22,24.52,482,PM2.5
2019-11-10 03:36:00,390,341,54.51,24.52,470,PM2.5
2019-11-10 03:37:00,410,361,54.22,24.53,485,PM2.5
2019-11-10 03:38:00,399,352,54.09,24.53,478,PM2.5
2019-11-10 03:39:00,405,351,54.09,24.52,478,PM2.5
2019-11-10 03:40:00,409,358,54.21,24.53,483,PM2.5
2019-11-10 03:41:00,405,358,54.27,24.52,483,PM2.5
2019-11-10 03:42:00,405,359,54.12,24.53,484,PM2.5
2019-11-10 03:43:00,406,346,54.34,24.52,474,PM2.5
2019-11-10 03:44:00,409,363,54.15,24.52,487,PM2.5
2019-11-10 03:45:00,429,374,53.93,24.51,495,PM2.5
2019-11-10 03:46:00,427,372,53.78,24.52,494,PM2.5
2019-11-10 03:47:00,428,380,53.89,24.51,500,PM2.5
2019-11-10 03:48:00,415,367,53.96,24.51,490,PM2.5
2019-11-10 03:49:00,413,360,54.19,24.51,485,PM2.5
2019-11-10 03:50:00,409,355,54.18,24.51,481,PM2.5
2019-11-10 03:51:00,391,354,54.4,24.51,480,PM2.5
2019-11-10 03:52:00,400,352,54.6,24.51,478,PM2.5
2019-11-10 03:53:00,401,351,54.49,24.51,478,PM2.5
2019-11-10 03:54:00,409,357,54.27,24.51,482,PM2.5
2019-11-10 03:55:00,430,378,54.11,24.52,498,PM2.5
2019-11-10 03:56:00,420,381,53.92,24.51,500,PM2.5
2019-11-10 03:57:00,424,369,53.98,24.51,492,PM2.5
2019-11-10 03:58:00,431,373,53.84,24.51,495,PM2.5
2019-11-10 03:59:00,430,383,53.82,24.51,500,PM2.5
2019-11-10 04:00:00,429,375,53.85,24.51,496,PM2.5
2019-11-10 04:01:00,435,373,53.92,24.5,495,PM2.5
2019-11-10 04:02:00,421,370,54.14,24.5,492,PM2.5
2019-11-10 04:03:00,411,362,54.38,24.5,486,PM2.5
2019-11-10 04:04:00,399,350,54.39,24.51,477,PM2.5
2019-11-10 04:05:00,400,357,54.28,24.51,482,PM2.5
2019-11-10 04:06:00,423,363,54.22,24.51,487,PM2.5
2019-11-10 04:07:00,409,355,54.48,24.5,481,PM2.5
2019-11-10 04:08:00,400,359,54.45,24.5,484,PM2.5
2019-11-10 04:09:00,416,363,54.36,24.51,487,PM2.5
2019-11-10 04:10:00,426,369,54.22,24.51,492,PM2.5
2019-11-10 04:11:00,430,375,54.13,24.5,496,PM2.5
2019-11-10 04:12:00,429,376,54.13,24.5,497,PM2.5
2019-11-10 04:13:00,427,376,54.27,24.51,497,PM2.5
2019-11-10 04:14:00,407,367,54.33,24.5,490,PM2.5
2019-11-10 04:15:00,408,359,54.42,24.5,484,PM2.5
2019-11-10 04:16:00,413,368,54.31,24.5,491,PM2.5
2019-11-10 04:17:00,416,360,54.41,24.5,485,PM2.5
2019-11-10 04:18:00,430,372,54.35,24.51,494,PM2.5
2019-11-10 04:19:00,405,361,54.34,24.5,485,PM2.5
2019-11-10 04:20:00,423,368,54.33,24.5,491,PM2.5
2019-11-10 04:21:00,426,366,54.29,24.5,489,PM2.5
2019-11-10 04:22:00,411,357,54.35,24.5,482,PM2.5
2019-11-10 04:23:00,429,375,54.32,24.5,496,PM2.5
2019-11-10 04:24:00,413,361,54.36,24.5,485,PM2.5
2019-11-10 04:25:00,424,376,54.25,24.5,497,PM2.5
2019-11-10 04:26:00,451,389,53.95,24.49,500,PM2.5
2019-11-10 04:27:00,458,396,53.74,24.49,500,PM2.5
2019-11-10 04:28:00,454,391,53.67,24.5,500,PM2.5
2019-11-10 04:29:00,458,398,53.5,24.49,500,PM2.5
2019-11-10 04:30:00,464,402,53.58,24.49,500,PM2.5
2019-11-10 04:31:00,447,398,53.72,24.48,500,PM2.5
2019-11-10 04:32:00,450,389,53.91,24.48,500,PM2.5
2019-11-10 04:33:00,447,383,53.99,24.48,500,PM2.5
2019-11-10 04:34:00,406,357,54.48,24.48,482,PM2.5
2019-11-10 04:35:00,408,350,54.83,24.48,477,PM2.5
2019-11-10 04:36:00,404,353,55.01,24.47,479,PM2.5
2019-11-10 04:37:00,416,365,54.77,24.48,488,PM2.5
2019-11-10 04:38:00,442,382,54.31,24.48,500,PM2.5
2019-11-10 04:39:00,435,390,54.02,24.48,500,PM2.5
2019-11-10 04:40:00,456,398,53.85,24.47,500,PM2.5
2019-11-10 04:41:00,448,396,53.83,24.47,500,PM2.5
2019-11-10 04:42:00,451,389,53.88,24.47,500,PM2.5
2019-11-10 04:43:00,444,385,54.16,24.48,500,PM2.5
2019-11-10 04:44:00,431,377,54.27,24.48,498,PM2.5
2019-11-10 04:45:00,428,378,54.46,24.48,498,PM2.5
2019-11-10 04:46:00,415,357,54.66,24.48,482,PM2.5
2019-11-10 04:47:00,418,360,54.95,24.47,485,PM2.5
2019-11-10 04:48:00,416,374,54.59,24.48,495,PM2.5
2019-11-10 04:49:00,431,381,54.21,24.47,500,PM2.5
2019-11-10 04:50:00,454,394,54.01,24.47,500,PM2.5
2019-11-10 04:51:00,442,395,53.76,24.47,500,PM2.5
2019-11-10 04:52:00,452,401,53.69,24.47,500,PM2.5
2019-11-10 04:53:00,459,404,53.65,24.46,500,PM2.5
2019-11-10 04:54:00,447,394,53.77,24.47,500,PM2.5
2019-11-10 04:55:00,439,388,53.98,24.47,500,PM2.5
2019-11-10 04:56:00,436,380,54.05,24.47,500,PM2.5
2019-11-10 04:57:00,426,376,54.27,24.47,497,PM2.5
2019-11-10 04:58:00,417,369,54.6,24.47,492,PM2.5
2019-11-10 04:59:00,424,365,54.46,24.47,488,PM2.5
2019-11-10 05:00:00,419,378,54.25,24.47,498,PM2.5
2019-11-10 05:01:00,423,383,54.14,24.46,500,PM2.5
2019-11-10 05:02:00,455,399,53.98,24.47,500,PM2.5
2019-11-10 05:03:00,440,383,54.03,24.47,500,PM2.5
2019-11-10 05:04:00,443,391,53.81,24.47,500,PM2.5
2019-11-10 05:05:00,438,384,53.8,24.46,500,PM2.5
2019-11-10 05:06:00,433,378,53.92,24.47,498,PM2.5
2019-11-10 05:07:00,439,378,54.1,24.47,498,PM2.5
2019-11-10 05:08:00,428,373,54.21,24.47,495,PM2.5
2019-11-10 05:09:00,412,368,54.21,24.47,491,PM2.5
2019-11-10 05:10:00,422,373,54.26,24.46,495,PM2.5
2019-11-10 05:11:00,405,363,54.28,24.47,487,PM2.5
2019-11-10 05:12:00,423,373,54.2,24.47,495,PM2.5
2019-11-10 05:13:00,413,371,54.23,24.47,493,PM2.5
2019-11-10 05:14:00,424,371,54.07,24.47,493,PM2.5
2019-11-10 05:15:00,432,374,54.1,24.47,495,PM2.5
2019-11-10 05:16:00,424,380,54.07,24.47,500,PM2.5
2019-11-10 05:17:00,429,377,54.04,24.46,498,PM2.5
2019-11-10 05:18:00,419,374,54.21,24.47,495,PM2.5
2019-11-10 05:19:00,423,372,54.12,24.47,494,PM2.5
2019-11-10 05:20:00,423,372,54.14,24.47,494,PM2.5
2019-11-10 05:21:00,422,370,54.33,24.48,492,PM2.5
2019-11-10 05:22:00,423,374,54.15,24.47,495,PM2.5
2019-11-10 05:23:00,421,368,54.18,24.47,491,PM2.5
2019-11-10 05:24:00,419,374,54.16,24.48,495,PM2.5
2019-11-10 05:25:00,419,376,54.13,24.47,497,PM2.5
2019-11-10 05:26:00,414,363,54.14,24.47,487,PM2.5
2019-11-10 05:27:00,423,379,54.12,24.47,499,PM2.5
2019-11-10 05:28:00,426,372,54.19,24.47,494,PM2.5
2019-11-10 05:29:00,415,362,54.29,24.47,486,PM2.5
2019-11-10 05:30:00,402,352,54.64,24.47,478,PM2.5
2019-11-10 05:31:00,396,351,54.92,24.47,478,PM2.5
2019-11-10 05:32:00,398,352,55.11,24.47,478,PM2.5
2019-11-10 05:33:00,409,360,54.68,24.47,485,PM2.5
2019-11-10 05:34:00,405,359,54.35,24.47,484,PM2.5
2019-11-10 05:35:00,428,370,54.2,24.46,492,PM2.5
2019-11-10 05:36:00,421,372,54.12,24.46,494,PM2.5
2019-11-10 05:37:00,415,368,54.28,24.46,491,PM2.5
2019-11-10 05:38:00,410,361,54.26,24.46,485,PM2.5
2019-11-10 05:39:00,411,364,54.26,24.46,488,PM2.5
2019-11-10 05:40:00,409,362,54.41,24.47,486,PM2.5
2019-11-10 05:41:00,416,363,54.43,24.46,487,PM2.5
2019-11-10 05:42:00,418,363,54.12,24.47,487,PM2.5
2019-11-10 05:43:00,425,383,53.7,24.47,500,PM2.5
2019-11-10 05:44:00,427,378,53.47,24.46,498,PM2.5
2019-11-10 05:45:00,424,369,53.61,24.46,492,PM2.5
2019-11-10 05:46:00,426,371,53.8,24.45,493,PM2.5
2019-11-10 05:47:00,407,364,53.99,24.46,488,PM2.5
2019-11-10 05:48:00,408,364,54.08,24.46,488,PM2.5
2019-11-10 05:49:00,419,365,54.03,24.45,488,PM2.5
2019-11-10 05:50:00,417,360,54.18,24.45,485,PM2.5
2019-11-10 05:51:00,422,370,54.08,24.46,492,PM2.5
2019-11-10 05:52:00,406,354,53.63,24.65,480,PM2.5
2019-11-10 05:53:00,411,360,53.5,24.61,485,PM2.5
2019-11-10 05:54:00,409,364,53.61,24.59,488,PM2.5
2019-11-10 05:55:00,417,360,53.7,24.56,485,PM2.5
2019-11-10 05:56:00,409,359,53.64,24.54,484,PM2.5
2019-11-10 05:57:00,415,358,53.65,24.52,483,PM2.5
2019-11-10 05:58:00,413,376,53.45,24.5,497,PM2.5
2019-11-10 05:59:00,423,366,53.38,24.48,489,PM2.5
2019-11-10 06:00:00,424,375,53.39,24.47,496,PM2.5
2019-11-10 06:01:00,424,376,53.43,24.45,497,PM2.5
2019-11-10 06:02:00,422,372,53.51,24.44,494,PM2.5
2019-11-10 06:03:00,417,361,53.59,24.43,485,PM2.5
2019-11-10 06:04:00,426,375,53.6,24.42,496,PM2.5
2019-11-10 06:05:00,417,366,53.67,24.4,489,PM2.5
2019-11-10 06:06:00,410,358,53.89,24.4,483,PM2.5
2019-11-10 06:07:00,410,366,53.77,24.38,489,PM2.5
2019-11-10 06:08:00,412,361,54.58,24.18,485,PM2.5
2019-11-10 06:09:00,417,368,54.32,24.34,491,PM2.5
2019-11-10 06:10:00,413,366,53.9,24.52,489,PM2.5
2019-11-10 06:11:00,424,369,53.46,24.65,492,PM2.5
2019-11-10 06:12:00,419,367,53.23,24.72,490,PM2.5
2019-11-10 06:13:00,420,373,52.97,24.75,495,PM2.5
2019-11-10 06:14:00,420,368,53.18,24.78,491,PM2.5
2019-11-10 06:15:00,424,362,53.04,24.78,486,PM2.5
2019-11-10 06:16:00,421,369,53.12,24.76,492,PM2.5
2019-11-10 06:17:00,411,363,53.22,24.75,487,PM2.5
2019-11-10 06:18:00,419,366,53.32,24.74,489,PM2.5
2019-11-10 06:19:00,405,361,53.48,24.72,485,PM2.5
2019-11-10 06:20:00,419,365,53.2,24.71,488,PM2.5
2019-11-10 06:21:00,420,369,53.15,24.69,492,PM2.5
2019-11-10 06:22:00,437,373,52.85,24.68,495,PM2.5
2019-11-10 06:23:00,429,379,53.07,24.66,499,PM2.5
2019-11-10 06:24:00,431,376,53.04,24.64,497,PM2.5
2019-11-10 06:25:00,422,367,53.04,24.63,490,PM2.5
2019-11-10 06:26:00,424,368,53.26,24.63,491,PM2.5
2019-11-10 06:27:00,432,384,53.25,24.61,500,PM2.5
2019-11-10 06:28:00,416,361,53.38,24.6,485,PM2.5
2019-11-10 06:29:00,435,365,53.51,24.59,488,PM2.5
2019-11-10 06:30:00,412,368,53.58,24.59,491,PM2.5
2019-11-10 06:31:00,410,360,53.52,24.6,485,PM2.5
2019-11-10 06:32:00,428,370,53.51,24.6,492,PM2.5
2019-11-10 06:33:00,435,368,53.55,24.61,491,PM2.5
2019-11-10 06:34:00,432,369,53.5,24.61,492,PM2.5
2019-11-10 06:35:00,414,371,53.51,24.62,493,PM2.5
2019-11-10 06:36:00,416,359,53.4,24.61,484,PM2.5
2019-11-10 06:37:00,438,372,53.5,24.62,494,PM2.5
2019-11-10 06:38:00,423,368,53.55,24.62,491,PM2.5
2019-11-10 06:39:00,421,364,53.51,24.63,488,PM2.5
2019-11-10 06:40:00,429,379,53.54,24.63,499,PM2.5
2019-11-10 06:41:00,422,366,53.53,24.63,489,PM2.5
2019-11-10 06:42:00,429,370,53.21,24.63,492,PM2.5
2019-11-10 06:43:00,431,373,53.16,24.63,495,PM2.5
2019-11-10 06:44:00,433,376,53.16,24.62,497,PM2.5
2019-11-10 06:45:00,429,377,53.05,24.61,498,PM2.5
2019-11-10 06:46:00,422,369,53.16,24.6,492,PM2.5
2019-11-10 06:47:00,418,364,53.48,24.59,488,PM2.5
2019-11-10 06:48:00,405,363,53.52,24.58,487,PM2.5
2019-11-10 06:49:00,411,361,53.58,24.57,485,PM2.5
2019-11-10 06:50:00,410,364,53.64,24.57,488,PM2.5
2019-11-10 06:51:00,412,367,53.57,24.56,490,PM2.5
2019-11-10 06:52:00,413,360,53.69,24.56,485,PM2.5
2019-11-10 06:53:00,430,371,53.35,24.54,493,PM2.5
2019-11-10 06:54:00,417,364,53.52,24.54,488,PM2.5
2019-11-10 06:55:00,423,366,53.66,24.54,489,PM2.5
2019-11-10 06:56:00,410,365,53.65,24.54,488,PM2.5
2019-11-10 06:57:00,432,375,53.45,24.52,496,PM2.5
2019-11-10 06:58:00,417,367,53.52,24.52,490,PM2.5
2019-11-10 06:59:00,427,370,53.59,24.52,492,PM2.5
2019-11-10 07:00:00,409,361,53.7,24.51,485,PM2.5
2019-11-10 07:01:00,412,369,53.72,24.51,492,PM2.5
2019-11-10 07:02:00,412,366,53.82,24.5,489,PM2.5
2019-11-10 07:03:00,408,363,53.8,24.5,487,PM2.5
2019-11-10 07:04:00,401,347,53.84,24.5,475,PM2.5
2019-11-10 07:05:00,425,370,53.7,24.49,492,PM2.5
2019-11-10 07:06:00,403,355,53.96,24.49,481,PM2.5
2019-11-10 07:07:00,409,363,53.83,24.49,487,PM2.5
2019-11-10 07:08:00,423,364,53.78,24.48,488,PM2.5
2019-11-10 07:09:00,411,355,54.03,24.48,481,PM2.5
2019-11-10 07:10:00,403,355,53.95,24.48,481,PM2.5
2019-11-10 07:11:00,412,361,53.92,24.47,485,PM2.5
2019-11-10 07:12:00,415,356,53.94,24.48,482,PM2.5
2019-11-10 07:13:00,415,359,53.82,24.47,484,PM2.5
2019-11-10 07:14:00,407,356,53.9,24.47,482,PM2.5
2019-11-10 07:15:00,416,362,53.87,24.47,486,PM2.5
2019-11-10 07:16:00,411,354,53.86,24.47,480,PM2.5
2019-11-10 07:17:00,405,354,53.84,24.46,480,PM2.5
2019-11-10 07:18:00,405,357,54.07,24.46,482,PM2.5
2019-11-10 07:19:00,410,358,54.04,24.46,483,PM2.5
2019-11-10 07:20:00,408,357,53.78,24.46,482,PM2.5
2019-11-10 07:21:00,407,355,53.86,24.45,481,PM2.5
2019-11-10 07:22:00,401,353,53.9,24.45,479,PM2.5
2019-11-10 07:23:00,412,366,53.95,24.45,489,PM2.5
2019-11-10 07:24:00,409,357,53.98,24.45,482,PM2.5
2019-11-10 07:25:00,410,357,54.04,24.45,482,PM2.5
2019-11-10 07:26:00,400,350,54.01,24.45,477,PM2.5
2019-11-10 07:27:00,406,356,54.1,24.44,482,PM2.5
2019-11-10 07:28:00,411,357,54.08,24.45,482,PM2.5
2019-11-10 07:29:00,417,361,54.06,24.45,485,PM2.5
2019-11-10 07:30:00,419,365,54.07,24.44,488,PM2.5
2019-11-10 07:31:00,409,356,54.16,24.45,482,PM2.5
2019-11-10 07:32:00,404,354,54.26,24.44,480,PM2.5
2019-11-10 07:33:00,404,348,54.17,24.44,475,PM2.5
2019-11-10 07:34:00,412,354,54.14,24.44,480,PM2.5
2019-11-10 07:35:00,402,360,54.24,24.44,485,PM2.5
2019-11-10 07:36:00,401,350,54.27,24.44,477,PM2.5
2019-11-10 07:37:00,397,350,54.22,24.44,477,PM2.5
2019-11-10 07:38:00,406,361,54.22,24.44,485,PM2.5
2019-11-10 07:39:00,406,347,54.23,24.43,475,PM2.5
2019-11-10 07:40:00,398,348,54.26,24.43,475,PM2.5
2019-11-10 07:41:00,401,353,54.23,24.43,479,PM2.5
2019-11-10 07:42:00,404,356,54.24,24.43,482,PM2.5
2019-11-10 07:43:00,400,350,54.28,24.43,477,PM2.5
2019-11-10 07:44:00,401,350,54.28,24.43,477,PM2.5
2019-11-10 07:45:00,403,348,54.36,24.43,475,PM2.5
2019-11-10 07:46:00,401,352,54.29,24.43,478,PM2.5
2019-11-10 07:47:00,407,356,54.27,24.43,482,PM2.5
2019-11-10 07:48:00,417,362,54.21,24.43,486,PM2.5
2019-11-10 07:49:00,412,359,54.35,24.43,484,PM2.5
2019-11-10 07:50:00,395,349,54.5,24.42,476,PM2.5
2019-11-10 07:51:00,395,349,54.77,24.42,476,PM2.5
2019-11-10 07:52:00,398,344,55.03,24.42,472,PM2.5
2019-11-10 07:53:00,388,343,54.78,24.42,472,PM2.5
2019-11-10 07:54:00,410,356,54.43,24.43,482,PM2.5
2019-11-10 07:55:00,415,358,54.33,24.42,483,PM2.5
2019-11-10 07:56:00,410,363,54.32,24.41,487,PM2.5
2019-11-10 07:57:00,434,360,54.48,24.41,485,PM2.5
2019-11-10 07:58:00,405,353,54.47,24.42,479,PM2.5
2019-11-10 07:59:00,394,346,54.6,24.42,474,PM2.5
2019-11-10 08:00:00,393,347,54.69,24.42,475,PM2.5
2019-11-10 08:01:00,401,349,54.66,24.42,476,PM2.5
2019-11-10 08:02:00,402,350,54.67,24.42,477,PM2.5
2019-11-10 08:03:00,400,350,54.58,24.42,477,PM2.5
2019-11-10 08:04:00,407,356,54.49,24.43,482,PM2.5
2019-11-10 08:05:00,415,364,54.48,24.42,488,PM2.5
2019-11-10 08:06:00,400,355,54.6,24.42,481,PM2.5
2019-11-10 08:07:00,399,351,54.59,24.41,478,PM2.5
2019-11-10 08:08:00,401,345,54.66,24.42,473,PM2.5
2019-11-10 08:09:00,409,351,54.6,24.42,478,PM2.5
2019-11-10 08:10:00,392,353,54.65,24.42,479,PM2.5
2019-11-10 08:11:00,404,353,54.76,24.42,479,PM2.5
2019-11-10 08:12:00,399,345,54.74,24.42,473,PM2.5
2019-11-10 08:13:00,414,350,54.71,24.42,477,PM2.5
2019-11-10 08:14:00,405,356,54.69,24.42,482,PM2.5
2019-11-10 08:15:00,400,349,54.71,24.41,476,PM2.5
2019-11-10 08:16:00,402,353,54.66,24.42,479,PM2.5
2019-11-10 08:17:00,400,351,54.71,24.42,478,PM2.5
2019-11-10 08:18:00,410,358,54.77,24.42,483,PM2.5
2019-11-10 08:19:00,413,360,54.76,24.42,485,PM2.5
2019-11-10 08:20:00,397,343,54.76,24.41,472,PM2.5
2019-11-10 08:21:00,406,356,54.8,24.42,482,PM2.5
2019-11-10 08:22:00,395,346,54.87,24.42,474,PM2.5
2019-11-10 08:23:00,399,337,55.08,24.42,467,PM2.5
2019-11-10 08:24:00,395,343,55.25,24.41,472,PM2.5
2019-11-10 08:25:00,383,340,55.04,24.42,469,PM2.5
2019-11-10 08:26:00,408,356,54.84,24.42,482,PM2.5
2019-11-10 08:27:00,414,353,54.7,24.43,479,PM2.5
2019-11-10 08:28:00,405,358,54.8,24.41,483,PM2.5
2019-11-10 08:29:00,396,347,54.85,24.42,475,PM2.5
2019-11-10 08:30:00,376,337,55.02,24.42,467,PM2.5
2019-11-10 08:31:00,394,342,55.02,24.42,471,PM2.5
2019-11-10 08:32:00,388,344,55.08,24.42,472,PM2.5
2019-11-10 08:33:00,390,340,55.16,24.42,469,PM2.5
2019-11-10 08:34:00,375,329,55.31,24.42,461,PM2.5
2019-11-10 08:35:00,396,344,55.06,24.42,472,PM2.5
2019-11-10 08:36:00,409,349,54.98,24.42,476,PM2.5
2019-11-10 08:37:00,394,345,54.97,24.42,473,PM2.5
2019-11-10 08:38:00,398,341,55.11,24.42,470,PM2.5
2019-11-10 08:39:00,388,342,55.18,24.42,471,PM2.5
2019-11-10 08:40:00,391,334,55.29,24.42,465,PM2.5
2019-11-10 08:41:00,386,334,55.19,24.43,465,PM2.5
2019-11-10 08:42:00,378,335,55.31,24.42,465,PM2.5
2019-11-10 08:43:00,378,334,55.59,24.42,465,PM2.5
2019-11-10 08:44:00,364,329,55.66,24.42,461,PM2.5
2019-11-10 08:45:00,375,329,55.4,24.42,461,PM2.5
2019-11-10 08:46:00,383,332,55.25,24.42,463,PM2.5
2019-11-10 08:47:00,384,334,55.5,24.42,465,PM2.5
2019-11-10 08:48:00,357,323,55.8,24.41,456,PM2.5
2019-11-10 08:49:00,368,329,55.77,24.42,461,PM2.5
2019-11-10 08:50:00,383,343,55.47,24.41,472,PM2.5
2019-11-10 08:51:00,393,345,55.34,24.42,473,PM2.5
2019-11-10 08:52:00,397,351,55.19,24.41,478,PM2.5
2019-11-10 08:53:00,398,347,55.22,24.41,475,PM2.5
2019-11-10 08:54:00,386,334,55.56,24.42,465,PM2.5
2019-11-10 08:55:00,369,320,55.91,24.42,454,PM2.5
2019-11-10 08:56:00,406,354,54.72,24.42,480,PM2.5
2019-11-10 08:57:00,453,397,52.77,24.41,500,PM2.5
2019-11-10 08:58:00,508,431,51.25,24.39,500,PM2.5
2019-11-10 08:59:00,484,427,51.44,24.38,500,PM2.5
2019-11-10 09:00:00,477,422,51.31,24.36,500,PM2.5
2019-11-10 09:01:00,466,397,53.09,24.36,500,PM2.5
2019-11-10 09:02:00,446,390,52.95,24.36,500,PM2.5
2019-11-10 09:03:00,476,404,52.36,24.35,500,PM2.5
2019-11-10 09:04:00,477,411,51.1,24.34,500,PM2.5
2019-11-10 09:05:00,525,445,49.79,24.31,500,PM2.5
2019-11-10 09:06:00,513,447,49.63,24.28,500,PM2.5
2019-11-10 09:07:00,517,439,49.81,24.26,500,PM2.5
2019-11-10 09:08:00,495,422,51.01,24.26,500,PM2.5
2019-11-10 09:09:00,474,419,51.31,24.25,500,PM2.5
2019-11-10 09:10:00,486,424,51.09,24.24,500,PM2.5
2019-11-10 09:11:00,494,425,50.97,24.23,500,PM2.5
2019-11-10 09:12:00,484,424,50.76,24.22,500,PM2.5
2019-11-10 09:13:00,489,420,50.63,24.22,500,PM2.5
2019-11-10 09:14:00,510,432,50.51,24.21,500,PM2.5
2019-11-10 09:15:00,511,435,50.26,24.21,500,PM2.5
2019-11-10 09:16:00,506,444,49.77,24.2,500,PM2.5
2019-11-10 09:17:00,518,451,49.99,24.2,500,PM2.5
2019-11-10 09:18:00,493,432,50.11,24.19,500,PM2.5
2019-11-10 09:19:00,521,457,49.45,24.19,500,PM2.5
2019-11-10 09:20:00,528,448,49.22,24.17,500,PM2.5
2019-11-10 09:21:00,522,449,49.81,24.17,500,PM2.5
2019-11-10 09:22:00,494,435,50.53,24.17,500,PM2.5
2019-11-10 09:23:00,499,427,50.27,24.17,500,PM2.5
2019-11-10 09:24:00,507,428,50.53,24.17,500,PM2.5
2019-11-10 09:25:00,513,428,50.68,24.16,500,PM2.5
2019-11-10 09:26:00,493,427,50.28,24.16,500,PM2.5
2019-11-10 09:27:00,502,434,50.12,24.16,500,PM2.5
2019-11-10 09:28:00,513,439,49.55,24.15,500,PM2.5
2019-11-10 09:29:00,508,443,49.41,24.15,500,PM2.5
2019-11-10 09:30:00,515,453,48.83,24.15,500,PM2.5
2019-11-10 09:31:00,518,446,49.08,24.14,500,PM2.5
2019-11-10 09:32:00,516,445,48.89,24.14,500,PM2.5
2019-11-10 09:33:00,516,446,48.86,24.13,500,PM2.5
2019-11-10 09:34:00,522,457,48.86,24.11,500,PM2.5
2019-11-10 09:35:00,522,451,48.68,24.09,500,PM2.5
2019-11-10 09:36:00,516,462,48.74,24.09,500,PM2.5
2019-11-10 09:37:00,520,444,48.98,24.07,500,PM2.5
2019-11-10 09:38:00,524,450,48.96,24.06,500,PM2.5
2019-11-10 09:39:00,505,447,49.31,24.05,500,PM2.5
2019-11-10 09:40:00,502,437,49.84,24.06,500,PM2.5
2019-11-10 09:41:00,525,454,49.94,24.06,500,PM2.5
2019-11-10 09:42:00,518,435,49.64,24.07,500,PM2.5
2019-11-10 09:43:00,531,449,49.65,24.07,500,PM2.5
2019-11-10 09:44:00,515,446,49.24,24.07,500,PM2.5
2019-11-10 09:45:00,526,448,49.18,24.06,500,PM2.5
2019-11-10 09:46:00,518,442,49.91,24.16,500,PM2.5
2019-11-10 09:47:00,513,426,50.19,24.26,500,PM2.5
2019-11-10 09:48:00,497,426,50.34,24.24,500,PM2.5
2019-11-10 09:49:00,526,438,50.24,24.18,500,PM2.5
2019-11-10 09:50:00,510,429,50.39,24.14,500,PM2.5
2019-11-10 09:51:00,503,430,50.61,24.11,500,PM2.5
2019-11-10 09:52:00,497,422,50.74,24.08,500,PM2.5
2019-11-10 09:53:00,482,414,50.88,24.05,500,PM2.5
2019-11-10 09:54:00,490,421,50.85,24,500,PM2.5
2019-11-10 09:55:00,509,424,50.81,23.97,500,PM2.5
2019-11-10 09:56:00,507,423,50.95,23.96,500,PM2.5
2019-11-10 09:57:00,496,419,51.02,23.9,500,PM2.5
2019-11-10 09:58:00,479,422,50.91,23.87,500,PM2.5
2019-11-10 09:59:00,492,427,51.01,23.91,500,PM2.5
2019-11-10 10:00:00,493,421,51,23.9,500,PM2.5
2019-11-10 10:01:00,482,417,51.05,23.91,500,PM2.5
2019-11-10 10:02:00,476,408,51.19,23.87,500,PM2.5
2019-11-10 10:03:00,486,417,50.99,23.88,500,PM2.5
2019-11-10 10:04:00,473,404,50.97,23.84,500,PM2.5
2019-11-10 10:05:00,472,409,50.99,23.81,500,PM2.5
2019-11-10 10:06:00,465,413,50.96,23.81,500,PM2.5
2019-11-10 10:07:00,473,411,50.99,23.8,500,PM2.5
2019-11-10 10:08:00,515,428,51.09,23.8,500,PM2.5
2019-11-10 10:09:00,506,431,50.85,23.77,500,PM2.5
2019-11-10 10:10:00,493,431,50.65,23.72,500,PM2.5
2019-11-10 10:11:00,527,458,50.58,23.72,500,PM2.5
2019-11-10 10:12:00,527,445,50.6,23.71,500,PM2.5
2019-11-10 10:13:00,530,449,50.93,23.71,500,PM2.5
2019-11-10 10:14:00,511,434,51.3,23.67,500,PM2.5
2019-11-10 10:15:00,520,439,51.81,23.67,500,PM2.5
2019-11-10 10:16:00,504,431,52.24,23.65,500,PM2.5
2019-11-10 10:17:00,500,425,52.93,23.5,500,PM2.5
2019-11-10 10:18:00,498,438,53.28,23.51,500,PM2.5
2019-11-10 10:32:00,498,420,53.99,23.75,500,PM2.5
2019-11-10 10:33:00,495,417,54.05,23.76,500,PM2.5
2019-11-10 10:34:00,487,411,53.72,23.79,500,PM2.5
2019-11-10 10:35:00,486,416,53.05,23.79,500,PM2.5
2019-11-10 10:36:00,505,426,53.04,23.81,500,PM2.5
2019-11-10 10:37:00,504,434,52.62,23.82,500,PM2.5
2019-11-10 10:38:00,497,429,52.92,23.82,500,PM2.5
2019-11-10 10:39:00,497,428,52.85,23.84,500,PM2.5
2019-11-10 10:40:00,522,441,52.2,23.84,500,PM2.5
2019-11-10 10:41:00,558,464,53.79,23.72,500,PM2.5
2019-11-10 10:42:00,537,453,55.29,23.6,500,PM2.5
2019-11-10 10:43:00,506,435,55.64,23.57,500,PM2.5
2019-11-10 10:44:00,509,448,55.79,23.51,500,PM2.5
2019-11-10 10:45:00,525,443,55.87,23.49,500,PM2.5
2019-11-10 10:46:00,527,450,55.94,23.45,500,PM2.5
2019-11-10 10:47:00,532,450,55.49,23.45,500,PM2.5
2019-11-10 10:48:00,512,441,55.29,23.45,500,PM2.5
2019-11-10 10:49:00,512,432,54.78,23.51,500,PM2.5
2019-11-10 10:50:00,546,467,54.76,23.53,500,PM2.5
2019-11-10 10:51:00,560,470,54.77,23.56,500,PM2.5
2019-11-10 10:52:00,600,507,55.33,23.59,500,PM2.5
2019-11-10 10:53:00,628,515,55.48,23.63,500,PM2.5
2019-11-10 10:54:00,630,529,55.16,23.66,500,PM2.5
2019-11-10 10:55:00,620,512,55.15,23.69,500,PM2.5
2019-11-10 10:56:00,630,518,55.01,23.73,500,PM2.5
2019-11-10 10:57:00,580,489,54.65,23.76,500,PM2.5
2019-11-10 10:58:00,568,487,54.17,23.79,500,PM2.5
2019-11-10 10:59:00,556,479,53.95,23.8,500,PM2.5
2019-11-10 11:00:00,550,479,53.77,23.81,500,PM2.5
2019-11-10 11:01:00,570,483,53.46,23.83,500,PM2.5
2019-11-10 11:02:00,556,481,52.94,23.85,500,PM2.5
2019-11-10 11:03:00,564,468,52.99,23.86,500,PM2.5
2019-11-10 11:04:00,569,477,53.37,23.88,500,PM2.5
2019-11-10 11:05:00,558,475,53.42,23.89,500,PM2.5
2019-11-10 11:06:00,572,479,53.33,23.9,500,PM2.5
2019-11-10 11:07:00,555,484,53.35,23.9,500,PM2.5
2019-11-10 11:08:00,557,484,53.3,23.91,500,PM2.5
2019-11-10 11:09:00,559,472,52.97,23.92,500,PM2.5
2019-11-10 11:10:00,555,474,52.62,23.92,500,PM2.5
2019-11-10 11:11:00,536,468,52.41,23.93,500,PM2.5
2019-11-10 11:12:00,547,460,52.37,23.92,500,PM2.5
2019-11-10 11:13:00,535,470,52.32,23.93,500,PM2.5
2019-11-10 11:14:00,530,453,52.01,23.94,500,PM2.5
2019-11-10 11:15:00,534,451,51.62,23.94,500,PM2.5
2019-11-10 11:16:00,519,453,51.75,23.96,500,PM2.5
2019-11-10 11:17:00,533,460,51.49,23.95,500,PM2.5
2019-11-10 11:18:00,531,453,51.22,23.96,500,PM2.5
2019-11-10 11:19:00,538,460,51.07,23.97,500,PM2.5
2019-11-10 11:20:00,529,447,50.96,23.97,500,PM2.5
2019-11-10 11:21:00,539,456,51.02,23.97,500,PM2.5
2019-11-10 11:22:00,533,460,51.03,23.98,500,PM2.5
2019-11-10 11:23:00,552,453,51.2,23.98,500,PM2.5
2019-11-10 11:24:00,520,451,51.07,23.98,500,PM2.5
2019-11-10 11:25:00,518,444,51.11,23.99,500,PM2.5
2019-11-10 11:26:00,555,455,51.2,23.98,500,PM2.5
2019-11-10 11:27:00,549,456,51.31,23.99,500,PM2.5
2019-11-10 11:28:00,539,460,51.08,23.99,500,PM2.5
2019-11-10 11:29:00,535,447,50.74,23.99,500,PM2.5
2019-11-10 11:30:00,528,452,50.37,24.01,500,PM2.5
2019-11-10 11:31:00,512,437,50.49,24,500,PM2.5
2019-11-10 11:32:00,510,439,50.41,24.01,500,PM2.5
2019-11-10 11:33:00,521,439,50.61,24.01,500,PM2.5
2019-11-10 11:34:00,518,444,50.57,24,500,PM2.5
2019-11-10 11:35:00,528,440,50.64,24.01,500,PM2.5
2019-11-10 11:36:00,512,432,50.4,24.01,500,PM2.5
2019-11-10 11:37:00,513,442,50.09,24.01,500,PM2.5
2019-11-10 11:38:00,493,428,49.94,24.02,500,PM2.5
2019-11-10 11:39:00,496,417,49.81,24.02,500,PM2.5
2019-11-10 11:40:00,474,407,49.88,24.02,500,PM2.5
2019-11-10 11:41:00,470,404,49.89,24.02,500,PM2.5
2019-11-10 11:42:00,474,402,50.03,24.02,500,PM2.5
2019-11-10 11:43:00,460,393,49.88,24.03,500,PM2.5
2019-11-10 11:44:00,459,401,50.06,24.03,500,PM2.5
2019-11-10 11:45:00,449,400,50.03,24.02,500,PM2.5
2019-11-10 11:46:00,529,439,50.26,24.01,500,PM2.5
2019-11-10 11:47:00,519,437,50.21,24.01,500,PM2.5
2019-11-10 11:48:00,473,412,50.42,23.99,500,PM2.5
2019-11-10 11:49:00,468,404,50.72,23.99,500,PM2.5
2019-11-10 11:50:00,449,391,50.76,23.99,500,PM2.5
2019-11-10 11:51:00,453,392,50.84,24,500,PM2.5
2019-11-10 11:52:00,439,383,50.87,24,500,PM2.5
2019-11-10 11:53:00,441,372,50.94,24.01,494,PM2.5
2019-11-10 11:54:00,423,361,50.61,24.02,485,PM2.5
2019-11-10 11:55:00,326,289,50.22,24.05,430,PM2.5
2019-11-10 11:56:00,321,282,49.89,24.08,425,PM2.5
2019-11-10 11:57:00,321,283,49.61,24.1,425,PM2.5
2019-11-10 11:58:00,313,273,49.34,24.12,418,PM2.5
2019-11-10 11:59:00,336,292,49.11,24.13,432,PM2.5
2019-11-10 12:00:00,316,272,49.16,24.15,417,PM2.5
2019-11-10 12:01:00,320,283,48.96,24.17,425,PM2.5
2019-11-10 12:02:00,310,283,49.18,24.17,425,PM2.5
2019-11-10 12:03:00,314,275,49.24,24.18,419,PM2.5
2019-11-10 12:04:00,315,273,49.14,24.19,418,PM2.5
2019-11-10 12:05:00,300,266,48.73,24.21,412,PM2.5
2019-11-10 12:06:00,303,264,48.98,24.22,411,PM2.5
2019-11-10 12:07:00,302,261,48.97,24.23,408,PM2.5
2019-11-10 12:08:00,300,264,48.79,24.24,411,PM2.5
2019-11-10 12:09:00,303,260,48.66,24.24,408,PM2.5
2019-11-10 12:10:00,284,252,48.75,24.24,402,PM2.5
2019-11-10 12:11:00,287,251,48.57,24.25,401,PM2.5
2019-11-10 12:12:00,293,257,48.5,24.25,405,PM2.5
2019-11-10 12:13:00,288,254,48.48,24.25,403,PM2.5
2019-11-10 12:14:00,278,241,48.28,24.26,393,PM2.5
2019-11-10 12:15:00,261,235,48.19,24.26,388,PM2.5
2019-11-10 12:16:00,269,230,48.27,24.26,385,PM2.5
2019-11-10 12:17:00,265,227,48.33,24.26,382,PM2.5
2019-11-10 12:18:00,255,227,48.15,24.26,382,PM2.5
2019-11-10 12:19:00,261,229,48.26,24.27,384,PM2.5
2019-11-10 12:20:00,258,228,48.28,24.27,383,PM2.5
2019-11-10 12:21:00,249,217,48.26,24.28,375,PM2.5
2019-11-10 12:22:00,255,222,48.06,24.28,378,PM2.5
2019-11-10 12:23:00,241,214,48.39,24.29,372,PM2.5
2019-11-10 12:24:00,235,212,48.02,24.29,371,PM2.5
2019-11-10 12:25:00,226,200,48.32,24.29,362,PM2.5
2019-11-10 12:26:00,238,211,48.12,24.3,370,PM2.5
2019-11-10 12:27:00,243,217,48.02,24.31,375,PM2.5
2019-11-10 12:28:00,252,224,47.81,24.32,380,PM2.5
2019-11-10 12:29:00,236,212,47.95,24.32,371,PM2.5
2019-11-10 12:30:00,248,222,48.06,24.33,378,PM2.5
2019-11-10 12:31:00,263,234,48.04,24.33,388,PM2.5
2019-11-10 12:32:00,284,247,48.08,24.34,398,PM2.5
2019-11-10 12:33:00,299,267,48.05,24.34,413,PM2.5
2019-11-10 12:34:00,330,287,48.34,24.35,428,PM2.5
2019-11-10 12:35:00,388,337,48.36,24.36,467,PM2.5
2019-11-10 12:36:00,438,375,48.14,24.37,496,PM2.5
2019-11-10 12:37:00,424,362,48.06,24.36,486,PM2.5
2019-11-10 12:38:00,423,363,48.25,24.37,487,PM2.5
2019-11-10 12:39:00,399,340,48.16,24.36,469,PM2.5
2019-11-10 12:40:00,401,338,48.46,24.35,468,PM2.5
2019-11-10 12:41:00,358,309,48.32,24.33,445,PM2.5
2019-11-10 12:42:00,368,317,48.58,24.34,452,PM2.5
2019-11-10 12:43:00,365,313,48.63,24.36,448,PM2.5
2019-11-10 12:44:00,356,307,48.72,24.39,444,PM2.5
2019-11-10 12:45:00,350,303,48.84,24.4,441,PM2.5
2019-11-10 12:46:00,350,302,48.95,24.42,440,PM2.5
2019-11-10 12:47:00,360,297,49.06,24.43,436,PM2.5
2019-11-10 12:48:00,337,290,49.2,24.43,431,PM2.5
2019-11-10 12:49:00,322,282,49.32,24.44,425,PM2.5
2019-11-10 12:50:00,332,287,49.47,24.42,428,PM2.5
2019-11-10 12:51:00,334,283,49.62,24.4,425,PM2.5
2019-11-10 12:52:00,313,274,49.74,24.39,418,PM2.5
2019-11-10 12:53:00,293,247,49.65,24.38,398,PM2.5
2019-11-10 12:54:00,272,236,49.46,24.38,389,PM2.5
2019-11-10 12:55:00,251,218,49.24,24.38,375,PM2.5
2019-11-10 12:56:00,238,211,49.01,24.38,370,PM2.5
2019-11-10 12:57:00,231,210,48.66,24.39,369,PM2.5
2019-11-10 12:58:00,217,195,48.34,24.38,358,PM2.5
2019-11-10 12:59:00,209,189,48.33,24.39,353,PM2.5
2019-11-10 13:00:00,201,180,48.22,24.43,346,PM2.5
2019-11-10 13:01:00,216,190,48.03,24.44,354,PM2.5
2019-11-10 13:02:00,206,178,47.99,24.47,345,PM2.5
2019-11-10 13:03:00,198,184,47.82,24.49,349,PM2.5
2019-11-10 13:04:00,203,179,47.78,24.49,345,PM2.5
2019-11-10 13:05:00,212,184,47.64,24.5,349,PM2.5
2019-11-10 13:06:00,203,179,47.5,24.52,345,PM2.5
2019-11-10 13:07:00,201,176,47.41,24.52,343,PM2.5
2019-11-10 13:08:00,209,188,47.26,24.54,352,PM2.5
2019-11-10 13:09:00,204,177,47.27,24.52,344,PM2.5
2019-11-10 13:10:00,191,172,47.47,24.5,340,PM2.5
2019-11-10 13:11:00,201,176,47.47,24.52,343,PM2.5
2019-11-10 13:12:00,199,172,47.47,24.51,340,PM2.5
2019-11-10 13:13:00,194,169,47.63,24.47,338,PM2.5
2019-11-10 13:14:00,202,173,47.88,24.47,341,PM2.5
2019-11-10 13:15:00,229,209,48.19,24.39,368,PM2.5
2019-11-10 13:16:00,213,187,48.38,24.36,352,PM2.5
2019-11-10 13:17:00,222,191,48.55,24.38,355,PM2.5
2019-11-10 13:18:00,203,184,48.57,24.38,349,PM2.5
2019-11-10 13:19:00,202,181,48.62,24.4,347,PM2.5
2019-11-10 13:20:00,204,181,48.65,24.41,347,PM2.5
2019-11-10 13:21:00,190,173,48.52,24.4,341,PM2.5
2019-11-10 13:22:00,180,167,48.26,24.42,336,PM2.5
2019-11-10 13:23:00,186,168,48.18,24.41,337,PM2.5
2019-11-10 13:24:00,185,163,48.18,24.41,333,PM2.5
2019-11-10 13:25:00,186,163,48.32,24.38,333,PM2.5
2019-11-10 13:26:00,182,160,48.43,24.35,331,PM2.5
2019-11-10 13:27:00,181,160,48.69,24.33,331,PM2.5
2019-11-10 13:28:00,184,166,48.8,24.35,335,PM2.5
2019-11-10 13:29:00,172,155,48.96,24.31,327,PM2.5
2019-11-10 13:30:00,171,157,49.09,24.32,328,PM2.5
2019-11-10 13:31:00,176,163,49.17,24.33,333,PM2.5
2019-11-10 13:32:00,176,158,49.04,24.35,329,PM2.5
2019-11-10 13:33:00,175,160,48.53,24.37,331,PM2.5
2019-11-10 13:34:00,170,151,48.34,24.36,324,PM2.5
2019-11-10 13:35:00,172,155,48.45,24.36,327,PM2.5
2019-11-10 13:36:00,164,150,48.37,24.38,323,PM2.5
2019-11-10 13:37:00,163,152,48.15,24.38,325,PM2.5
2019-11-10 13:38:00,165,150,47.96,24.38,323,PM2.5
2019-11-10 13:39:00,168,151,47.86,24.39,324,PM2.5
2019-11-10 13:40:00,167,150,47.73,24.41,323,PM2.5
2019-11-10 13:41:00,164,150,47.68,24.42,323,PM2.5
2019-11-10 13:42:00,164,149,47.6,24.42,322,PM2.5
2019-11-10 13:43:00,162,145,47.55,24.42,319,PM2.5
2019-11-10 13:44:00,157,144,47.47,24.43,318,PM2.5
2019-11-10 13:45:00,158,144,47.34,24.44,318,PM2.5
2019-11-10 13:46:00,152,137,47.3,24.43,313,PM2.5
2019-11-10 13:47:00,157,139,47.26,24.43,315,PM2.5
2019-11-10 13:48:00,155,141,47.22,24.42,316,PM2.5
2019-11-10 13:49:00,154,143,47.15,24.44,318,PM2.5
2019-11-10 13:50:00,156,138,47.08,24.43,314,PM2.5
2019-11-10 13:51:00,150,139,47.1,24.43,315,PM2.5
2019-11-10 13:52:00,137,126,47.08,24.43,305,PM2.5
2019-11-10 13:53:00,149,134,46.89,24.44,311,PM2.5
2019-11-10 13:54:00,137,127,46.73,24.42,305,PM2.5
2019-11-10 13:55:00,148,136,46.62,24.43,312,PM2.5
2019-11-10 13:56:00,147,133,46.53,24.43,310,PM2.5
2019-11-10 13:57:00,150,132,46.57,24.44,309,PM2.5
2019-11-10 13:58:00,153,134,46.74,24.43,311,PM2.5
2019-11-10 13:59:00,150,136,46.91,24.42,312,PM2.5
2019-11-10 14:00:00,152,136,47.4,24.39,312,PM2.5
2019-11-10 14:01:00,145,131,47.55,24.36,308,PM2.5
2019-11-10 14:02:00,152,134,47.48,24.36,311,PM2.5
2019-11-10 14:03:00,141,129,47.24,24.38,307,PM2.5
2019-11-10 14:04:00,143,124,47.15,24.37,303,PM2.5
2019-11-10 14:05:00,141,124,47.16,24.38,303,PM2.5
2019-11-10 14:06:00,139,129,47.14,24.39,307,PM2.5
2019-11-10 14:07:00,136,122,47.28,24.37,302,PM2.5
2019-11-10 14:08:00,145,130,47.17,24.35,308,PM2.5
2019-11-10 14:09:00,137,125,46.9,24.29,304,PM2.5
2019-11-10 14:10:00,132,117,47.31,24.29,290,PM2.5
2019-11-10 14:11:00,143,133,47.41,24.29,310,PM2.5
2019-11-10 14:12:00,143,125,47.24,24.26,304,PM2.5
2019-11-10 14:13:00,130,116,47.5,24.24,287,PM2.5
2019-11-10 14:14:00,150,132,47.84,24.23,309,PM2.5
2019-11-10 14:15:00,148,136,47.72,24.22,312,PM2.5
2019-11-10 14:16:00,149,135,47.84,24.22,312,PM2.5
2019-11-10 14:17:00,151,134,48.05,24.22,311,PM2.5
2019-11-10 14:18:00,145,130,48.18,24.21,308,PM2.5
2019-11-10 14:19:00,150,134,48.17,24.21,311,PM2.5
2019-11-10 14:20:00,155,141,48.27,24.22,316,PM2.5
2019-11-10 14:21:00,150,138,48.26,24.22,314,PM2.5
2019-11-10 14:22:00,151,134,48.39,24.22,311,PM2.5
2019-11-10 14:23:00,152,133,48.46,24.24,310,PM2.5
2019-11-10 14:24:00,156,140,48.51,24.24,315,PM2.5
2019-11-10 14:25:00,153,135,48.61,24.24,312,PM2.5
2019-11-10 14:26:00,151,136,48.63,24.25,312,PM2.5
2019-11-10 14:27:00,155,141,48.8,24.25,316,PM2.5
2019-11-10 14:28:00,153,136,48.8,24.25,312,PM2.5
2019-11-10 14:29:00,153,138,48.95,24.26,314,PM2.5
2019-11-10 14:30:00,154,138,48.94,24.26,314,PM2.5
2019-11-10 14:31:00,149,133,49,24.26,310,PM2.5
2019-11-10 14:32:00,150,136,49.12,24.26,312,PM2.5
2019-11-10 14:33:00,155,135,49.2,24.26,312,PM2.5
2019-11-10 14:34:00,151,139,49.24,24.26,315,PM2.5
2019-11-10 14:35:00,150,133,49.29,24.26,310,PM2.5
2019-11-10 14:36:00,150,136,49.32,24.26,312,PM2.5
2019-11-10 14:37:00,149,129,49.42,24.26,307,PM2.5
2019-11-10 14:38:00,150,137,49.4,24.26,313,PM2.5
2019-11-10 14:39:00,145,132,49.46,24.26,309,PM2.5
2019-11-10 14:40:00,155,137,49.5,24.25,313,PM2.5
2019-11-10 14:41:00,145,134,49.56,24.26,311,PM2.5
2019-11-10 14:42:00,149,132,49.71,24.25,309,PM2.5
2019-11-10 14:43:00,148,132,49.76,24.25,309,PM2.5
2019-11-10 14:44:00,145,134,49.78,24.25,311,PM2.5
2019-11-10 14:45:00,155,140,49.77,24.25,315,PM2.5
2019-11-10 14:46:00,148,134,49.91,24.24,311,PM2.5
2019-11-10 14:47:00,150,136,49.98,24.24,312,PM2.5
2019-11-10 14:48:00,146,132,50.02,24.24,309,PM2.5
2019-11-10 14:49:00,152,138,50.01,24.24,314,PM2.5
2019-11-10 14:50:00,152,136,50.16,24.24,312,PM2.5
2019-11-10 14:51:00,150,133,50.12,24.23,310,PM2.5
2019-11-10 14:52:00,152,136,50.15,24.23,312,PM2.5
2019-11-10 14:53:00,149,133,50.16,24.23,310,PM2.5
2019-11-10 14:54:00,153,133,50.2,24.23,310,PM2.5
2019-11-10 14:55:00,146,130,50.26,24.22,308,PM2.5
2019-11-10 14:56:00,150,136,50.29,24.22,312,PM2.5
2019-11-10 14:57:00,150,138,50.25,24.22,314,PM2.5
2019-11-10 14:58:00,152,138,50.3,24.22,314,PM2.5
2019-11-10 14:59:00,144,133,50.27,24.21,310,PM2.5
2019-11-10 15:00:00,149,136,50.34,24.22,312,PM2.5
2019-11-10 15:01:00,146,133,50.49,24.21,310,PM2.5
2019-11-10 15:02:00,148,135,50.52,24.21,312,PM2.5
2019-11-10 15:03:00,146,132,50.53,24.2,309,PM2.5
2019-11-10 15:04:00,156,136,50.58,24.21,312,PM2.5
2019-11-10 15:05:00,153,136,50.56,24.21,312,PM2.5
2019-11-10 15:06:00,146,134,50.63,24.2,311,PM2.5
2019-11-10 15:07:00,146,128,50.74,24.2,306,PM2.5
2019-11-10 15:08:00,154,140,50.65,24.21,315,PM2.5
2019-11-10 15:09:00,148,135,50.69,24.2,312,PM2.5
2019-11-10 15:10:00,150,135,50.77,24.2,312,PM2.5
2019-11-10 15:11:00,149,137,50.8,24.2,313,PM2.5
2019-11-10 15:12:00,153,135,50.87,24.2,312,PM2.5
2019-11-10 15:13:00,148,133,50.93,24.21,310,PM2.5
2019-11-10 15:14:00,143,132,50.94,24.2,309,PM2.5
2019-11-10 15:15:00,148,137,50.94,24.2,313,PM2.5
2019-11-10 15:16:00,151,136,50.95,24.2,312,PM2.5
2019-11-10 15:17:00,142,130,50.94,24.2,308,PM2.5
2019-11-10 15:18:00,156,136,50.95,24.2,312,PM2.5
2019-11-10 15:19:00,152,134,51,24.21,311,PM2.5
2019-11-10 15:20:00,145,130,51,24.2,308,PM2.5
2019-11-10 15:21:00,156,136,50.93,24.2,312,PM2.5
2019-11-10 15:22:00,143,131,51.04,24.21,308,PM2.5
2019-11-10 15:23:00,145,134,51.03,24.2,311,PM2.5
2019-11-10 15:24:00,139,127,51.1,24.2,305,PM2.5
2019-11-10 15:25:00,144,133,51.18,24.19,310,PM2.5
2019-11-10 15:26:00,140,128,51.27,24.19,306,PM2.5
2019-11-10 15:27:00,145,130,51.25,24.19,308,PM2.5
2019-11-10 15:28:00,147,134,51.19,24.19,311,PM2.5
2019-11-10 15:29:00,149,136,51.19,24.19,312,PM2.5
2019-11-10 15:30:00,148,130,51.24,24.19,308,PM2.5
2019-11-10 15:31:00,147,134,51.24,24.18,311,PM2.5
2019-11-10 15:32:00,153,137,51.24,24.18,313,PM2.5
2019-11-10 15:33:00,153,137,51.18,24.18,313,PM2.5
2019-11-10 15:34:00,147,132,51.29,24.19,309,PM2.5
2019-11-10 15:35:00,143,132,51.38,24.19,309,PM2.5
2019-11-10 15:36:00,146,133,51.43,24.18,310,PM2.5
2019-11-10 15:37:00,144,128,51.46,24.18,306,PM2.5
2019-11-10 15:38:00,140,131,51.43,24.18,308,PM2.5
2019-11-10 15:39:00,150,132,51.41,24.18,309,PM2.5
2019-11-10 15:40:00,150,135,51.42,24.18,312,PM2.5
2019-11-10 15:41:00,151,134,51.39,24.18,311,PM2.5
2019-11-10 15:42:00,145,130,51.5,24.18,308,PM2.5
2019-11-10 15:43:00,157,136,51.54,24.17,312,PM2.5
2019-11-10 15:44:00,153,134,51.62,24.18,311,PM2.5
2019-11-10 15:45:00,154,135,51.61,24.17,312,PM2.5
2019-11-10 15:46:00,148,130,51.68,24.18,308,PM2.5
2019-11-10 15:47:00,149,136,51.69,24.18,312,PM2.5
2019-11-10 15:48:00,148,130,51.65,24.17,308,PM2.5
2019-11-10 15:49:00,142,131,51.57,24.18,308,PM2.5
2019-11-10 15:50:00,146,130,51.66,24.17,308,PM2.5
2019-11-10 15:51:00,144,131,51.8,24.17,308,PM2.5
2019-11-10 15:52:00,145,134,51.83,24.17,311,PM2.5
2019-11-10 15:53:00,139,129,51.9,24.16,307,PM2.5
2019-11-10 15:54:00,145,131,51.92,24.16,308,PM2.5
2019-11-10 15:55:00,141,130,51.85,24.16,308,PM2.5
2019-11-10 15:56:00,143,133,51.89,24.16,310,PM2.5
2019-11-10 15:57:00,139,125,51.99,24.16,304,PM2.5
2019-11-10 15:58:00,142,130,52.01,24.16,308,PM2.5
2019-11-10 15:59:00,148,132,52.05,24.16,309,PM2.5
2019-11-10 16:00:00,144,131,52,24.15,308,PM2.5
2019-11-10 16:01:00,144,130,51.96,24.15,308,PM2.5
2019-11-10 16:02:00,142,128,52.01,24.15,306,PM2.5
2019-11-10 16:03:00,149,132,51.97,24.14,309,PM2.5
2019-11-10 16:04:00,147,133,51.94,24.14,310,PM2.5
2019-11-10 16:05:00,146,128,52.04,24.14,306,PM2.5
2019-11-10 16:06:00,144,129,52.09,24.14,307,PM2.5
2019-11-10 16:07:00,136,127,52.1,24.14,305,PM2.5
2019-11-10 16:08:00,147,131,52.08,24.13,308,PM2.5
2019-11-10 16:09:00,152,136,52.15,24.14,312,PM2.5
2019-11-10 16:10:00,148,130,52.21,24.13,308,PM2.5
2019-11-10 16:11:00,143,130,52.31,24.13,308,PM2.5
2019-11-10 16:12:00,143,130,52.36,24.13,308,PM2.5
2019-11-10 16:13:00,145,130,52.39,24.12,308,PM2.5
2019-11-10 16:14:00,140,129,52.27,24.13,307,PM2.5
2019-11-10 16:15:00,145,129,52.16,24.12,307,PM2.5
2019-11-10 16:16:00,145,132,52.21,24.12,309,PM2.5
2019-11-10 16:17:00,138,127,52.3,24.12,305,PM2.5
2019-11-10 16:18:00,134,124,52.4,24.12,303,PM2.5
2019-11-10 16:19:00,138,125,52.45,24.11,304,PM2.5
2019-11-10 16:20:00,144,132,52.53,24.12,309,PM2.5
2019-11-10 16:21:00,139,129,52.56,24.12,307,PM2.5
2019-11-10 16:22:00,139,130,52.52,24.12,308,PM2.5
2019-11-10 16:23:00,137,127,52.61,24.11,305,PM2.5
2019-11-10 16:24:00,144,128,52.68,24.11,306,PM2.5
2019-11-10 16:25:00,148,134,52.72,24.1,311,PM2.5
2019-11-10 16:26:00,141,127,52.68,24.1,305,PM2.5
2019-11-10 16:27:00,142,128,52.64,24.09,306,PM2.5
2019-11-10 16:28:00,137,124,52.74,24.09,303,PM2.5
2019-11-10 16:29:00,137,127,52.67,24.08,305,PM2.5
2019-11-10 16:30:00,140,128,51.91,24.09,306,PM2.5
2019-11-10 16:31:00,134,122,51.5,24.08,302,PM2.5
2019-11-10 16:32:00,143,132,51.9,24.08,309,PM2.5
2019-11-10 16:33:00,138,128,52.25,24.09,306,PM2.5
2019-11-10 16:34:00,139,124,52.48,24.08,303,PM2.5
2019-11-10 16:35:00,146,130,52.6,24.08,308,PM2.5
2019-11-10 16:36:00,140,126,51.68,24.08,305,PM2.5
2019-11-10 16:37:00,147,133,51.88,24.08,310,PM2.5
2019-11-10 16:38:00,147,132,51.91,24.08,309,PM2.5
2019-11-10 16:39:00,144,130,52.08,24.07,308,PM2.5
2019-11-10 16:40:00,144,133,52.17,24.07,310,PM2.5
2019-11-10 16:41:00,177,152,52.99,24.08,325,PM2.5
2019-11-10 16:42:00,186,165,53.22,24.07,335,PM2.5
2019-11-10 16:43:00,185,161,53.14,24.07,332,PM2.5
2019-11-10 16:44:00,181,165,53.15,24.07,335,PM2.5
2019-11-10 16:45:00,177,156,52.91,24.07,328,PM2.5
2019-11-10 16:46:00,181,159,52.99,24.06,330,PM2.5
2019-11-10 16:47:00,177,156,53,24.06,328,PM2.5
2019-11-10 16:48:00,177,163,52.71,24.06,333,PM2.5
2019-11-10 16:49:00,195,174,52.3,24.06,342,PM2.5
2019-11-10 16:50:00,178,161,51.97,24.06,332,PM2.5
2019-11-10 16:51:00,191,169,51.88,24.05,338,PM2.5
2019-11-10 16:52:00,199,170,51.98,24.04,338,PM2.5
2019-11-10 16:53:00,225,194,51.91,24.04,357,PM2.5
2019-11-10 16:54:00,225,201,52.12,24.03,362,PM2.5
2019-11-10 16:55:00,256,219,52.31,24.04,376,PM2.5
2019-11-10 16:56:00,236,205,52.03,24.03,365,PM2.5
2019-11-10 16:57:00,226,195,51.79,24.02,358,PM2.5
2019-11-10 16:58:00,211,182,51.7,24.02,348,PM2.5
2019-11-10 16:59:00,216,185,51.89,24.02,350,PM2.5
2019-11-10 17:00:00,234,204,52.1,24.02,365,PM2.5
2019-11-10 17:01:00,223,200,52.19,24.02,362,PM2.5
2019-11-10 17:02:00,216,189,51.94,24.03,353,PM2.5
2019-11-10 17:03:00,197,175,51.58,24.01,342,PM2.5
2019-11-10 17:04:00,188,170,51.5,23.99,338,PM2.5
2019-11-10 17:05:00,174,154,51.41,23.99,326,PM2.5
2019-11-10 17:06:00,176,158,51.37,23.98,329,PM2.5
2019-11-10 17:07:00,173,154,51.33,23.97,326,PM2.5
2019-11-10 17:08:00,171,153,51.39,23.97,325,PM2.5
2019-11-10 17:09:00,182,160,51.68,23.97,331,PM2.5
2019-11-10 17:10:00,175,156,51.44,23.96,328,PM2.5
2019-11-10 17:11:00,175,154,51.6,23.95,326,PM2.5
2019-11-10 17:12:00,186,164,51.7,23.93,334,PM2.5
2019-11-10 17:13:00,171,154,51.61,23.92,326,PM2.5
2019-11-10 17:14:00,173,152,51.59,23.91,325,PM2.5
2019-11-10 17:15:00,179,157,51.78,23.91,328,PM2.5
2019-11-10 17:16:00,171,156,51.91,23.9,328,PM2.5
2019-11-10 17:17:00,172,155,51.75,23.9,327,PM2.5
2019-11-10 17:18:00,162,145,51.54,23.9,319,PM2.5
2019-11-10 17:19:00,174,151,51.53,23.89,324,PM2.5
2019-11-10 17:20:00,169,151,51.47,23.88,324,PM2.5
2019-11-10 17:21:00,171,154,51.5,23.87,326,PM2.5
2019-11-10 17:22:00,162,144,51.43,23.86,318,PM2.5
2019-11-10 17:23:00,169,148,51.49,23.84,322,PM2.5
2019-11-10 17:24:00,165,150,51.5,23.82,323,PM2.5
2019-11-10 17:25:00,165,146,51.42,23.82,320,PM2.5
2019-11-10 17:26:00,160,147,51.39,23.8,321,PM2.5
2019-11-10 17:27:00,159,142,51.58,23.78,317,PM2.5
2019-11-10 17:28:00,161,143,51.64,23.76,318,PM2.5
2019-11-10 17:29:00,165,148,51.54,23.75,322,PM2.5
2019-11-10 17:30:00,169,148,51.43,23.73,322,PM2.5
2019-11-10 17:31:00,174,150,51.41,23.73,323,PM2.5
2019-11-10 17:32:00,158,146,51.36,23.71,320,PM2.5
2019-11-10 17:33:00,160,145,51.38,23.71,319,PM2.5
2019-11-10 17:34:00,162,146,51.44,23.7,320,PM2.5
2019-11-10 17:35:00,169,152,51.71,23.7,325,PM2.5
2019-11-10 17:36:00,163,145,51.79,23.7,319,PM2.5
2019-11-10 17:37:00,166,151,52.29,23.69,324,PM2.5
2019-11-10 17:38:00,167,148,52.1,23.68,322,PM2.5
2019-11-10 17:39:00,168,150,51.88,23.66,323,PM2.5
2019-11-10 17:40:00,171,153,51.77,23.66,325,PM2.5
2019-11-10 17:41:00,173,150,51.75,23.64,323,PM2.5
2019-11-10 17:42:00,164,147,51.67,23.64,321,PM2.5
2019-11-10 17:43:00,173,150,51.63,23.65,323,PM2.5
2019-11-10 17:44:00,172,152,51.7,23.64,325,PM2.5
2019-11-10 17:45:00,166,150,51.82,23.62,323,PM2.5
2019-11-10 17:46:00,164,148,51.81,23.62,322,PM2.5
2019-11-10 17:47:00,168,156,51.62,23.6,328,PM2.5
2019-11-10 17:48:00,165,150,51.93,23.58,323,PM2.5
2019-11-10 17:49:00,173,150,51.92,23.57,323,PM2.5
2019-11-10 17:50:00,173,152,51.96,23.56,325,PM2.5
2019-11-10 17:51:00,173,149,52.06,23.55,322,PM2.5
2019-11-10 17:52:00,175,158,52.16,23.55,329,PM2.5
2019-11-10 17:53:00,172,152,52.42,23.55,325,PM2.5
2019-11-10 17:54:00,168,156,52.29,23.55,328,PM2.5
2019-11-10 17:55:00,186,165,52.18,23.56,335,PM2.5
2019-11-10 17:56:00,184,166,52.16,23.56,335,PM2.5
2019-11-10 17:57:00,197,174,52.11,23.57,342,PM2.5
2019-11-10 17:58:00,210,185,52.18,23.56,350,PM2.5
2019-11-10 17:59:00,218,199,52.18,23.57,361,PM2.5
2019-11-10 18:00:00,211,190,52.14,23.58,354,PM2.5
2019-11-10 18:01:00,216,190,52.18,23.58,354,PM2.5
2019-11-10 18:02:00,209,186,52.27,23.59,351,PM2.5
2019-11-10 18:03:00,214,197,52.36,23.59,359,PM2.5
2019-11-10 18:04:00,217,191,52.45,23.58,355,PM2.5
2019-11-10 18:05:00,221,195,52.59,23.58,358,PM2.5
2019-11-10 18:06:00,208,184,52.38,23.58,349,PM2.5
2019-11-10 18:07:00,219,186,52.46,23.57,351,PM2.5
2019-11-10 18:08:00,207,181,52.62,23.57,347,PM2.5
2019-11-10 18:09:00,207,187,52.64,23.57,352,PM2.5
2019-11-10 18:10:00,209,185,52.69,23.57,350,PM2.5
2019-11-10 18:11:00,216,188,52.84,23.56,352,PM2.5
2019-11-10 18:12:00,222,195,52.89,23.56,358,PM2.5
2019-11-10 18:13:00,223,193,52.96,23.56,356,PM2.5
2019-11-10 18:14:00,217,193,53.03,23.55,356,PM2.5
2019-11-10 18:15:00,225,197,53.24,23.55,359,PM2.5
2019-11-10 18:16:00,256,228,53.37,23.55,383,PM2.5
2019-11-10 18:17:00,270,237,53.58,23.56,390,PM2.5
2019-11-10 18:18:00,272,238,53.38,23.55,391,PM2.5
2019-11-10 18:19:00,277,240,53.38,23.55,392,PM2.5
2019-11-10 18:20:00,290,254,53.47,23.54,403,PM2.5
2019-11-10 18:21:00,303,257,53.46,23.55,405,PM2.5
2019-11-10 18:22:00,302,255,53.55,23.54,404,PM2.5
2019-11-10 18:23:00,288,254,53.26,23.53,403,PM2.5
2019-11-10 18:24:00,287,247,53.2,23.53,398,PM2.5
2019-11-18 10:38:00,201,177,57.02,24.65,344,PM2.5
2019-11-18 10:39:00,194,168,56.87,24.76,337,PM2.5
2019-11-18 10:40:00,202,178,56.55,24.9,345,PM2.5
2019-11-18 10:41:00,196,171,56.01,24.98,339,PM2.5
2019-11-18 10:42:00,194,173,55.93,25.09,341,PM2.5
2019-11-18 10:43:00,189,172,55.74,25.21,340,PM2.5
2019-11-18 10:44:00,197,177,55.41,25.27,344,PM2.5
2019-11-18 10:45:00,195,166,55.21,25.36,335,PM2.5
2019-11-18 10:46:00,190,166,54.89,25.42,335,PM2.5
2019-11-18 10:47:00,193,170,54.66,25.49,338,PM2.5
2019-11-18 10:48:00,186,163,54.49,25.55,333,PM2.5
2019-11-18 10:49:00,184,160,54.31,25.64,331,PM2.5
2019-11-18 10:50:00,181,163,53.82,25.68,333,PM2.5
2019-11-18 10:51:00,188,163,53.7,25.74,333,PM2.5
2019-11-18 10:52:00,181,159,53.91,25.78,330,PM2.5
2019-11-18 10:53:00,185,163,53.81,25.85,333,PM2.5
2019-11-18 10:54:00,181,159,53.83,25.93,330,PM2.5
2019-11-18 10:55:00,169,150,53.66,26.04,323,PM2.5
2019-11-18 10:56:00,191,162,53.24,26.11,332,PM2.5
2019-11-18 10:57:00,173,155,53.29,26.15,327,PM2.5
2019-11-18 10:58:00,177,156,52.84,26.21,328,PM2.5
2019-11-18 10:59:00,169,149,52.65,26.26,322,PM2.5
2019-11-18 11:00:00,171,150,52.35,26.31,323,PM2.5
2019-11-18 11:01:00,166,145,52.36,26.34,319,PM2.5
2019-11-18 11:02:00,164,143,52.41,26.42,318,PM2.5
2019-11-18 11:06:00,,,51.6,26.61,,
2019-11-18 11:07:00,164,142,51.69,26.68,317,PM2.5
2019-11-18 11:08:00,161,144,51.53,26.71,318,PM2.5
2019-11-18 11:09:00,162,145,51.43,26.74,319,PM2.5
2019-11-18 11:10:00,168,145,51.5,26.76,319,PM2.5
2019-11-18 11:11:00,163,141,51.34,26.77,316,PM2.5
2019-11-18 11:12:00,163,143,51.35,26.79,318,PM2.5
2019-11-18 11:13:00,166,149,51.64,26.83,322,PM2.5
2019-11-18 11:14:00,163,145,51.34,26.85,319,PM2.5
2019-11-18 11:15:00,163,145,51.27,26.87,319,PM2.5
2019-11-18 11:16:00,159,144,51.22,26.88,318,PM2.5
2019-11-18 11:17:00,162,142,51.26,26.89,317,PM2.5
2019-11-18 11:18:00,153,139,51.17,26.93,315,PM2.5
2019-11-18 11:19:00,149,130,50.98,26.99,308,PM2.5
2019-11-18 11:20:00,148,131,50.99,27.04,308,PM2.5
2019-11-18 11:21:00,152,131,50.94,27.07,308,PM2.5
2019-11-18 11:22:00,142,130,50.98,27.08,308,PM2.5
2019-11-18 11:23:00,145,130,50.95,27.05,308,PM2.5
2019-11-18 11:24:00,153,132,50.8,27.04,309,PM2.5
2019-11-18 11:25:00,145,130,50.68,27.05,308,PM2.5
2019-11-18 11:26:00,165,147,50.75,27.04,321,PM2.5
2019-11-18 11:27:00,164,146,50.62,27.1,320,PM2.5
2019-11-18 11:28:00,146,128,50.46,27.07,306,PM2.5
2019-11-18 11:29:00,147,129,50.17,27.12,307,PM2.5
2019-11-18 11:30:00,144,123,50.46,27.12,302,PM2.5
2019-11-18 11:31:00,148,134,50.58,27.12,311,PM2.5
2019-11-18 11:32:00,166,152,50.23,27.15,325,PM2.5
2019-11-18 11:33:00,157,137,50.28,27.18,313,PM2.5
2019-11-18 11:34:00,139,124,50.59,27.19,303,PM2.5
2019-11-18 11:35:00,139,123,49.86,27.21,302,PM2.5
2019-11-18 11:36:00,128,116,49.6,27.25,287,PM2.5
2019-11-18 11:37:00,128,115,49.41,27.29,283,PM2.5
2019-11-18 11:38:00,124,114,49.55,27.38,280,PM2.5
2019-11-18 11:39:00,130,116,49.65,27.43,287,PM2.5
2019-11-18 11:40:00,135,119,49.36,27.49,297,PM2.5
2019-11-18 11:41:00,131,117,49.64,27.49,290,PM2.5
2019-11-18 11:42:00,127,116,49.17,27.5,287,PM2.5
2019-11-18 11:43:00,127,114,49.18,27.51,280,PM2.5
2019-11-18 11:44:00,127,112,49.2,27.53,273,PM2.5
2019-11-18 11:45:00,129,115,49.36,27.56,283,PM2.5
2019-11-18 11:46:00,126,114,49.39,27.59,280,PM2.5
2019-11-18 11:47:00,126,110,49.21,27.63,267,PM2.5
2019-11-18 11:48:00,129,114,48.95,27.66,280,PM2.5
2019-11-18 11:49:00,123,113,48.97,27.66,277,PM2.5
2019-11-18 11:50:00,117,111,48.86,27.67,270,PM2.5
2019-11-18 11:51:00,131,120,48.6,27.68,300,PM2.5
2019-11-18 11:52:00,124,118,48.57,27.73,293,PM2.5
2019-11-18 11:53:00,138,122,48.4,27.77,302,PM2.5
2019-11-18 11:54:00,129,115,48.53,27.76,283,PM2.5
2019-11-18 11:55:00,122,112,48.28,27.74,273,PM2.5
2019-11-18 11:56:00,116,103,47.57,27.8,243,PM2.5
2019-11-18 11:57:00,121,108,47.64,27.84,260,PM2.5
2019-11-18 11:58:00,123,108,47.98,27.86,260,PM2.5
2019-11-18 11:59:00,123,111,47.76,27.89,270,PM2.5
2019-11-18 12:00:00,126,111,47.6,27.93,270,PM2.5
2019-11-18 12:01:00,132,116,47.88,27.91,287,PM2.5
2019-11-18 12:02:00,133,120,48.02,27.9,300,PM2.5
2019-11-18 12:03:00,122,114,47.72,27.89,280,PM2.5
2019-11-18 12:04:00,127,110,47.08,27.88,267,PM2.5
2019-11-18 12:05:00,119,105,46.89,27.87,250,PM2.5
2019-11-18 12:06:00,118,102,46.95,27.87,240,PM2.5
2019-11-18 12:07:00,116,102,46.94,27.89,240,PM2.5
2019-11-18 12:08:00,118,105,47.16,27.88,250,PM2.5
2019-11-18 12:09:00,120,104,47.08,27.87,247,PM2.5
2019-11-18 12:10:00,110,101,46.76,27.89,237,PM2.5
2019-11-18 12:11:00,101,95,46.18,27.93,217,PM2.5
2019-11-18 12:12:00,102,93,46.01,27.89,210,PM2.5
2019-11-18 12:13:00,101,91,46.47,27.84,203,PM2.5
2019-11-18 12:14:00,104,96,46.5,27.76,220,PM2.5
2019-11-18 12:15:00,106,95,46.39,27.74,217,PM2.5
2019-11-18 12:16:00,114,99,46.67,27.73,230,PM2.5
2019-11-18 12:17:00,113,99,47.09,27.63,230,PM2.5
2019-11-18 12:18:00,106,94,47.54,27.61,213,PM2.5
2019-11-18 12:19:00,109,99,47.36,27.56,230,PM2.5
2019-11-18 12:20:00,111,100,47.08,27.55,233,PM2.5
2019-11-18 12:21:00,103,97,47.45,27.53,223,PM2.5
2019-11-18 12:22:00,106,95,47.78,27.56,217,PM2.5
2019-11-18 12:23:00,108,98,47.92,27.57,227,PM2.5
2019-11-18 12:24:00,106,98,47.84,27.55,227,PM2.5
2019-11-18 12:25:00,103,93,47.89,27.56,210,PM2.5
2019-11-18 12:26:00,111,96,48,27.59,220,PM2.5
2019-11-18 12:27:00,110,99,47.72,27.6,230,PM2.5
2019-11-18 12:28:00,107,96,46.58,27.6,220,PM2.5
2019-11-18 12:29:00,103,96,46.67,27.56,220,PM2.5
2019-11-18 12:30:00,100,91,46.46,27.57,203,PM2.5
2019-11-18 12:31:00,108,99,46.4,27.55,230,PM2.5
2019-11-18 12:32:00,104,95,46.19,27.56,217,PM2.5
2019-11-18 12:33:00,108,96,46.42,27.53,220,PM2.5
2019-11-18 12:34:00,106,98,46.74,27.51,227,PM2.5
2019-11-18 12:35:00,110,100,46.96,27.49,233,PM2.5
2019-11-18 12:36:00,110,98,46.93,27.47,227,PM2.5
2019-11-18 12:37:00,116,104,46.97,27.44,247,PM2.5
2019-11-18 12:38:00,114,104,46.72,27.47,247,PM2.5
2019-11-18 12:39:00,119,107,47.36,27.42,257,PM2.5
2019-11-18 12:40:00,120,109,46.97,27.38,263,PM2.5
2019-11-18 12:41:00,118,106,47.16,27.38,253,PM2.5
2019-11-18 12:42:00,116,106,47.14,27.35,253,PM2.5
2019-11-18 12:43:00,116,103,46.99,27.32,243,PM2.5
2019-11-18 12:44:00,116,102,46.91,27.29,240,PM2.5
2019-11-18 12:45:00,115,102,46.89,27.26,240,PM2.5
2019-11-18 12:46:00,113,104,46.99,27.27,247,PM2.5
2019-11-18 12:47:00,120,107,47.61,27.22,257,PM2.5
2019-11-18 12:48:00,119,111,47.73,27.14,270,PM2.5
2019-11-18 12:49:00,125,116,47.77,27.02,287,PM2.5
2019-11-18 12:50:00,132,118,48.23,26.88,293,PM2.5
2019-11-18 12:51:00,131,118,48.51,26.77,293,PM2.5
2019-11-18 12:52:00,126,115,48.74,26.67,283,PM2.5
2019-11-18 12:53:00,130,115,49.03,26.53,283,PM2.5
2019-11-18 12:54:00,140,126,49.7,26.32,305,PM2.5
2019-11-18 12:55:00,140,123,51.79,26.04,302,PM2.5
2019-11-18 12:56:00,132,121,52.42,25.75,301,PM2.5
2019-11-18 12:57:00,143,126,52.44,25.53,305,PM2.5
2019-11-18 12:58:00,145,134,52.48,25.3,311,PM2.5
2019-11-18 12:59:00,137,127,53.23,25.19,305,PM2.5
2019-11-18 13:00:00,149,131,53.81,25,308,PM2.5
2019-11-18 13:01:00,142,133,54.32,24.79,310,PM2.5
2019-11-18 13:02:00,150,138,53.64,24.66,314,PM2.5
2019-11-18 13:03:00,143,132,53.84,24.6,309,PM2.5
2019-11-18 13:04:00,143,127,54.1,24.54,305,PM2.5
2019-11-18 13:05:00,132,122,53.92,24.6,302,PM2.5
2019-11-18 13:06:00,135,120,53.63,24.6,300,PM2.5
2019-11-18 13:07:00,135,123,53.34,24.58,302,PM2.5
2019-11-18 13:08:00,132,122,53.46,24.56,302,PM2.5
2019-11-18 13:09:00,134,123,53.28,24.53,302,PM2.5
2019-11-18 13:10:00,136,125,52.94,24.53,304,PM2.5
2019-11-18 13:11:00,140,124,53.13,24.48,303,PM2.5
2019-11-18 13:12:00,132,122,52.54,24.43,302,PM2.5
2019-11-18 13:13:00,136,126,52.99,24.39,305,PM2.5
2019-11-18 13:14:00,144,122,53.29,24.36,302,PM2.5
2019-11-18 13:15:00,145,127,53.63,24.34,305,PM2.5
2019-11-18 13:16:00,127,117,53.68,24.32,290,PM2.5
2019-11-18 13:17:00,131,117,53.51,24.31,290,PM2.5
2019-11-18 13:18:00,135,120,53.4,24.27,300,PM2.5
2019-11-18 13:19:00,125,109,53.19,24.22,263,PM2.5
2019-11-18 13:20:00,126,112,53.27,24.19,273,PM2.5
2019-11-18 13:21:00,127,116,53.14,24.15,287,PM2.5
2019-11-18 13:22:00,118,109,53.39,24.14,263,PM2.5
2019-11-18 13:23:00,117,109,53.61,24.1,263,PM2.5
2019-11-18 13:24:00,117,109,53.11,24.06,263,PM2.5
2019-11-18 13:25:00,120,106,52.97,24.04,253,PM2.5
2019-11-18 13:26:00,118,106,53.36,24.02,253,PM2.5
2019-11-18 13:27:00,118,108,53.52,24,260,PM2.5
2019-11-18 13:28:00,115,109,53.22,23.96,263,PM2.5
2019-11-18 13:29:00,113,107,53.11,23.93,257,PM2.5
2019-11-18 13:30:00,115,106,53.02,23.91,253,PM2.5
2019-11-18 13:31:00,118,108,52.88,23.87,260,PM2.5
2019-11-18 13:32:00,114,107,52.95,23.83,257,PM2.5
2019-11-18 13:33:00,118,107,52.93,23.8,257,PM2.5
2019-11-18 13:34:00,118,109,53.28,23.76,263,PM2.5
2019-11-18 13:35:00,120,107,53.46,23.72,257,PM2.5
2019-11-18 13:36:00,115,109,53.57,23.71,263,PM2.5
2019-11-18 13:37:00,119,108,54,23.68,260,PM2.5
2019-11-18 13:38:00,121,107,53.83,23.69,257,PM2.5
2019-11-18 13:39:00,120,110,53.66,23.69,267,PM2.5
2019-11-18 13:40:00,119,108,53.61,23.7,260,PM2.5
2019-11-18 13:41:00,116,107,53.87,23.7,257,PM2.5
2019-11-18 13:42:00,114,103,53.7,23.67,243,PM2.5
2019-11-18 13:43:00,108,96,53.64,23.66,220,PM2.5
2019-11-18 13:44:00,109,99,53.2,23.65,230,PM2.5
2019-11-18 13:45:00,113,101,53.33,23.64,237,PM2.5
2019-11-18 13:46:00,111,100,53.19,23.62,233,PM2.5
2019-11-18 13:47:00,103,96,53.05,23.61,220,PM2.5
2019-11-18 13:48:00,108,100,53.49,23.61,233,PM2.5
2019-11-18 13:49:00,106,100,53.2,23.59,233,PM2.5
2019-11-18 13:50:00,107,101,52.94,23.58,237,PM2.5
2019-11-18 13:51:00,108,98,53.28,23.58,227,PM2.5
2019-11-18 13:52:00,113,101,53.89,23.57,237,PM2.5
2019-11-18 14:06:00,120,111,53,23.56,270,PM2.5
2019-11-18 14:07:00,138,132,53.25,23.56,309,PM2.5
2019-11-18 14:08:00,137,128,53.15,23.56,306,PM2.5
2019-11-18 14:09:00,143,130,53.47,23.56,308,PM2.5
2019-11-18 14:10:00,136,122,53.85,23.56,302,PM2.5
2019-11-18 14:11:00,130,117,53.21,23.56,290,PM2.5
2019-11-18 14:12:00,146,128,54.13,23.55,306,PM2.5
2019-11-18 14:13:00,136,119,53.94,23.56,297,PM2.5
2019-11-18 14:14:00,124,112,53.89,23.56,273,PM2.5
2019-11-18 17:09:00,73,67,51.21,23.85,123,PM2.5
2019-11-18 17:10:00,73,67,51.3,23.85,123,PM2.5
2019-11-18 17:11:00,72,65,51.19,23.85,117,PM2.5
2019-11-18 17:12:00,69,64,51.38,23.85,113,PM2.5
2019-11-18 17:13:00,74,66,51.76,23.84,120,PM2.5
2019-11-18 17:14:00,67,61,51.58,23.85,103,PM2.5
2019-11-18 17:15:00,70,64,51.57,23.84,113,PM2.5
2019-11-18 17:16:00,69,65,51.76,23.85,117,PM2.5
2019-11-18 17:17:00,67,63,51.9,23.85,110,PM2.5
2019-11-18 17:18:00,70,62,51.99,23.85,107,PM2.5
2019-11-18 17:19:00,70,63,51.89,23.86,110,PM2.5
2019-11-18 17:20:00,69,64,51.8,23.86,113,PM2.5
2019-11-18 17:21:00,67,63,51.73,23.86,110,PM2.5
2019-11-18 17:22:00,73,66,51.97,23.86,120,PM2.5
2019-11-18 17:23:00,73,65,52.03,23.86,117,PM2.5
2019-11-18 17:24:00,75,66,52.11,23.84,120,PM2.5
2019-11-18 17:25:00,73,65,52.05,23.84,117,PM2.5
2019-11-18 17:26:00,71,68,52.02,23.83,127,PM2.5
2019-11-18 17:27:00,85,80,51.14,24.07,167,PM2.5
2019-11-18 17:28:00,83,77,51.38,24.02,157,PM2.5
2019-11-18 17:29:00,79,74,51.6,23.96,147,PM2.5
2019-11-18 17:30:00,77,73,51.52,23.91,143,PM2.5
2019-11-18 17:31:00,73,69,51.89,23.85,130,PM2.5
2019-11-18 17:32:00,79,69,52.15,23.8,130,PM2.5
2019-11-18 17:33:00,74,67,52.29,23.76,123,PM2.5
2019-11-18 17:34:00,78,70,52.39,23.72,133,PM2.5
2019-11-18 17:35:00,70,67,52.64,23.68,123,PM2.5
2019-11-18 17:36:00,71,65,52.82,23.66,117,PM2.5
2019-11-18 17:37:00,74,65,52.84,23.64,117,PM2.5
2019-11-18 17:38:00,70,64,52.97,23.62,113,PM2.5
2019-11-18 17:39:00,71,63,53.09,23.59,110,PM2.5
2019-11-18 17:40:00,67,62,53.14,23.57,107,PM2.5
2019-11-18 17:41:00,67,65,53.23,23.56,117,PM2.5
2019-11-18 17:42:00,69,62,53.29,23.55,107,PM2.5
2019-11-18 17:43:00,74,69,53.14,23.53,130,PM2.5
2019-11-18 17:44:00,70,65,53.31,23.53,117,PM2.5
2019-11-18 17:45:00,77,71,53.34,23.5,137,PM2.5
2019-11-18 17:46:00,76,68,53.37,23.48,127,PM2.5
2019-11-18 17:47:00,71,67,53.27,23.47,123,PM2.5
2019-11-18 17:48:00,73,65,53.49,23.46,117,PM2.5
2019-11-18 17:49:00,71,67,53.58,23.45,123,PM2.5
2019-11-18 17:50:00,72,63,53.75,23.44,110,PM2.5
2019-11-18 17:51:00,75,65,53.73,23.43,117,PM2.5
2019-11-18 17:52:00,68,62,53.81,23.41,107,PM2.5
2019-11-18 17:53:00,79,71,53.81,23.4,137,PM2.5
2019-11-18 17:54:00,77,70,53.78,23.39,133,PM2.5
2019-11-18 17:55:00,75,70,53.71,23.37,133,PM2.5
2019-11-18 17:56:00,77,71,53.69,23.37,137,PM2.5
2019-11-18 17:57:00,83,75,53.76,23.36,150,PM2.5
2019-11-18 17:58:00,81,72,53.79,23.36,140,PM2.5
2019-11-18 17:59:00,75,70,53.59,23.35,133,PM2.5
2019-11-18 18:00:00,77,71,53.8,23.34,137,PM2.5
2019-11-18 18:01:00,80,71,53.94,23.33,137,PM2.5
2019-11-18 18:02:00,80,70,54.09,23.32,133,PM2.5
2019-11-18 18:03:00,79,72,54.11,23.31,140,PM2.5
2019-11-18 18:04:00,81,72,54.16,23.3,140,PM2.5
2019-11-18 18:05:00,79,70,54.2,23.29,133,PM2.5
2019-11-18 18:06:00,79,72,54.21,23.28,140,PM2.5
2019-11-18 18:07:00,81,73,55,23.26,143,PM2.5
2019-11-18 18:08:00,91,79,53.53,23.8,163,PM2.5
2019-11-18 18:09:00,84,77,52.21,24.29,157,PM2.5
2019-11-18 18:10:00,87,76,51.64,24.59,153,PM2.5
2019-11-18 18:11:00,98,85,50.96,24.77,183,PM2.5
2019-11-18 18:12:00,85,75,51.08,24.86,150,PM2.5
2019-11-18 18:13:00,87,79,50.82,24.89,163,PM2.5
2019-11-18 18:14:00,83,76,51.05,24.88,153,PM2.5
2019-11-18 18:15:00,84,76,51.04,24.86,153,PM2.5
2019-11-18 18:16:00,81,76,51.19,24.83,153,PM2.5
2019-11-18 18:21:00,111,99,51.71,24.53,230,PM2.5
2019-11-18 18:22:00,106,96,51.97,24.46,220,PM2.5
2019-11-18 18:23:00,105,97,52.06,24.4,223,PM2.5
2019-11-18 18:24:00,123,108,52.19,24.33,260,PM2.5
2019-11-18 18:25:00,118,105,52.57,24.26,250,PM2.5
2019-11-18 18:26:00,119,108,52.73,24.21,260,PM2.5
2019-11-18 18:27:00,109,101,53.06,24.16,237,PM2.5
2019-11-18 18:28:00,107,97,53.23,24.1,223,PM2.5
2019-11-18 18:29:00,116,106,53.3,24.05,253,PM2.5
2019-11-18 18:30:00,123,110,53.34,24.01,267,PM2.5
2019-11-18 18:31:00,124,111,53.35,23.97,270,PM2.5
2019-11-18 18:32:00,116,106,53.58,23.92,253,PM2.5
2019-11-18 18:33:00,131,119,53.69,23.89,297,PM2.5
2019-11-18 18:34:00,133,120,53.65,23.84,300,PM2.5
2019-11-18 18:35:00,133,118,53.87,23.81,293,PM2.5
2019-11-18 18:36:00,133,118,53.99,23.77,293,PM2.5
2019-11-18 18:37:00,134,117,54.15,23.74,290,PM2.5
2019-11-18 18:38:00,123,114,54.41,23.71,280,PM2.5
2019-11-18 18:39:00,125,112,54.52,23.68,273,PM2.5
2019-11-18 18:40:00,133,118,54.53,23.65,293,PM2.5
2019-11-18 18:41:00,147,132,54.57,23.63,309,PM2.5
2019-11-18 18:42:00,145,131,54.72,23.59,308,PM2.5
2019-11-18 18:43:00,160,148,54.57,23.55,322,PM2.5
2019-11-18 18:44:00,165,149,54.72,23.5,322,PM2.5
2019-11-18 18:45:00,166,152,54.77,23.44,325,PM2.5
2019-11-18 18:46:00,204,188,55.01,23.38,352,PM2.5
2019-11-18 18:47:00,228,209,55.11,23.3,368,PM2.5
2019-11-18 18:48:00,230,206,55.13,23.24,366,PM2.5
2019-11-18 18:49:00,226,203,55.35,23.17,364,PM2.5
2019-11-18 18:50:00,211,189,55.59,23.13,353,PM2.5
2019-11-18 18:51:00,207,190,55.75,23.08,354,PM2.5
2019-11-18 18:52:00,197,180,55.82,23.04,346,PM2.5
2019-11-18 18:53:00,203,186,55.83,23,351,PM2.5
2019-11-18 18:54:00,200,184,55.98,22.96,349,PM2.5
2019-11-18 18:55:00,227,199,56.15,22.93,361,PM2.5
2019-11-18 18:56:00,232,206,56.28,22.89,366,PM2.5
2019-11-18 18:57:00,230,211,56.4,22.85,370,PM2.5
2019-11-18 18:58:00,231,206,56.58,22.83,366,PM2.5
2019-11-18 18:59:00,251,225,56.81,22.8,381,PM2.5
2019-11-18 19:00:00,287,263,56.98,22.78,410,PM2.5
2019-11-18 19:01:00,339,304,57.16,22.75,442,PM2.5
2019-11-18 19:02:00,373,335,57.33,22.73,465,PM2.5
2019-11-18 19:03:00,385,358,57.49,22.7,483,PM2.5
2019-11-18 19:04:00,407,365,57.62,22.67,488,PM2.5
2019-11-18 19:05:00,403,361,57.76,22.64,485,PM2.5
2019-11-18 19:06:00,416,369,57.9,22.61,492,PM2.5
2019-11-18 19:07:00,438,400,58.14,22.58,500,PM2.5
2019-11-18 19:08:00,460,419,58.2,22.56,500,PM2.5
2019-11-18 19:09:00,513,462,58.3,22.54,500,PM2.5
2019-11-18 19:10:00,513,470,58.29,22.52,500,PM2.5
2019-11-18 19:11:00,501,461,58.36,22.5,500,PM2.5
2019-11-18 19:12:00,494,447,58.62,22.49,500,PM2.5
2019-11-18 19:13:00,491,436,58.83,22.47,500,PM2.5
2019-11-18 19:14:00,502,442,58.75,22.46,500,PM2.5
2019-11-18 19:15:00,474,424,58.67,22.45,500,PM2.5
2019-11-18 19:16:00,451,411,58.62,22.44,500,PM2.5
2019-11-18 19:17:00,440,389,58.67,22.41,500,PM2.5
2019-11-18 19:18:00,436,394,58.92,22.41,500,PM2.5
2019-11-18 19:19:00,440,389,58.89,22.4,500,PM2.5
2019-11-18 19:20:00,422,378,58.92,22.39,498,PM2.5
2019-11-18 19:21:00,403,364,59.03,22.37,488,PM2.5
2019-11-18 19:22:00,393,353,58.95,22.37,479,PM2.5
2019-11-18 19:23:00,401,359,58.92,22.35,484,PM2.5
2019-11-18 19:24:00,407,369,58.96,22.33,492,PM2.5
2019-11-18 19:25:00,431,386,59.02,22.31,500,PM2.5
2019-11-18 19:26:00,436,393,59,22.29,500,PM2.5
2019-11-18 19:27:00,438,398,59.06,22.27,500,PM2.5
2019-11-18 19:28:00,453,396,59.31,22.25,500,PM2.5
2019-11-18 19:29:00,451,393,59.35,22.26,500,PM2.5
2019-11-18 19:30:00,439,392,59.44,22.26,500,PM2.5
2019-11-18 19:31:00,411,378,59.61,22.28,498,PM2.5
2019-11-18 19:32:00,425,384,60.08,22.31,500,PM2.5
2019-11-18 19:33:00,422,385,59.8,22.33,500,PM2.5
2019-11-18 19:34:00,411,380,60,22.34,500,PM2.5
2019-11-18 19:35:00,441,390,59.59,22.37,500,PM2.5
2019-11-18 19:36:00,457,407,59.77,22.38,500,PM2.5
2019-11-18 19:37:00,462,417,59.95,22.41,500,PM2.5
2019-11-18 19:38:00,494,441,59.89,22.42,500,PM2.5
2019-11-18 19:39:00,501,450,59.84,22.44,500,PM2.5
2019-11-18 19:40:00,517,450,59.76,22.46,500,PM2.5
2019-11-18 19:41:00,496,444,59.84,22.47,500,PM2.5
2019-11-18 19:42:00,499,446,60.07,22.49,500,PM2.5
2019-11-18 19:43:00,474,413,60.54,22.51,500,PM2.5
2019-11-18 19:44:00,474,430,60.36,22.54,500,PM2.5
2019-11-18 19:45:00,484,430,60.25,22.57,500,PM2.5
2019-11-18 19:46:00,507,452,59.98,22.58,500,PM2.5
2019-11-18 19:47:00,478,431,60.05,22.6,500,PM2.5
2019-11-18 19:48:00,478,409,60,22.62,500,PM2.5
2019-11-18 19:49:00,417,380,60.01,22.62,500,PM2.5
2019-11-18 19:50:00,437,387,60.35,22.66,500,PM2.5
2019-11-18 19:51:00,406,365,59.61,22.66,488,PM2.5
2019-11-18 19:52:00,396,347,59.32,22.66,475,PM2.5
2019-11-18 19:53:00,373,324,59,22.65,457,PM2.5
2019-11-18 19:54:00,358,316,58.91,22.65,451,PM2.5
2019-11-18 19:55:00,362,324,58.88,22.65,457,PM2.5
2019-11-18 19:56:00,373,326,58.78,22.64,458,PM2.5
2019-11-18 19:57:00,359,322,58.68,22.64,455,PM2.5
2019-11-18 19:58:00,357,324,58.65,22.64,457,PM2.5
2019-11-18 19:59:00,375,335,58.96,22.65,465,PM2.5
2019-11-18 20:00:00,372,328,58.86,22.64,460,PM2.5
2019-11-18 20:01:00,360,327,58.86,22.65,459,PM2.5
2019-11-18 20:02:00,370,319,58.77,22.65,453,PM2.5
2019-11-18 20:03:00,351,311,58.87,22.64,447,PM2.5
2019-11-18 20:04:00,348,311,59.04,22.63,447,PM2.5
2019-11-18 20:05:00,354,318,58.95,22.63,452,PM2.5
2019-11-18 20:06:00,360,326,59.04,22.63,458,PM2.5
2019-11-18 20:07:00,369,322,59.06,22.61,455,PM2.5
2019-11-18 20:08:00,379,338,59.07,22.61,468,PM2.5
2019-11-18 20:09:00,363,326,59.09,22.6,458,PM2.5
2019-11-18 20:10:00,366,332,59.11,22.61,463,PM2.5
2019-11-18 20:11:00,372,333,59.21,22.6,464,PM2.5
2019-11-18 20:12:00,365,324,59.37,22.6,457,PM2.5
2019-11-18 20:13:00,376,336,59.25,22.59,466,PM2.5
2019-11-18 20:14:00,378,342,59.26,22.6,471,PM2.5
2019-11-18 20:15:00,361,326,59.54,22.59,458,PM2.5
2019-11-18 20:16:00,378,337,59.55,22.6,467,PM2.5
2019-11-18 20:17:00,350,318,59.27,22.59,452,PM2.5
2019-11-18 20:18:00,352,316,59.05,22.59,451,PM2.5
2019-11-18 20:19:00,356,311,59.27,22.58,447,PM2.5
2019-11-18 20:20:00,358,311,59.28,22.58,447,PM2.5
2019-11-18 20:21:00,349,305,59.37,22.58,442,PM2.5
2019-11-18 20:22:00,359,310,59.35,22.57,446,PM2.5
2019-11-18 20:23:00,357,313,59.32,22.57,448,PM2.5
2019-11-18 20:24:00,364,317,60.07,22.59,452,PM2.5
2019-11-18 20:25:00,351,304,59.14,22.58,442,PM2.5
2019-11-18 20:26:00,350,309,59.93,22.59,445,PM2.5
2019-11-18 20:27:00,348,303,59.96,22.61,441,PM2.5
2019-11-18 20:28:00,340,294,60.29,22.61,434,PM2.5
2019-11-18 20:29:00,356,312,60.9,22.63,448,PM2.5
2019-11-18 20:30:00,347,309,60.51,22.66,445,PM2.5
2019-11-18 20:31:00,339,299,60.92,22.64,438,PM2.5
2019-11-18 20:32:00,312,274,59.61,22.67,418,PM2.5
2019-11-18 20:33:00,310,273,59.27,22.69,418,PM2.5
2019-11-18 20:34:00,303,271,59.45,22.72,416,PM2.5
2019-11-18 20:35:00,322,280,60.08,22.74,423,PM2.5
2019-11-18 20:36:00,308,271,59.47,22.76,416,PM2.5
2019-11-18 20:37:00,289,259,58.83,22.78,407,PM2.5
2019-11-18 20:38:00,284,256,59.09,22.81,405,PM2.5
2019-11-18 20:39:00,277,247,58.59,22.82,398,PM2.5
2019-11-18 20:40:00,281,253,58.68,22.83,402,PM2.5
2019-11-18 20:41:00,273,246,58.49,22.85,397,PM2.5
2019-11-18 20:42:00,276,248,58.44,22.86,398,PM2.5
2019-11-18 20:43:00,279,242,58.37,22.88,394,PM2.5
2019-11-18 20:44:00,278,248,58.43,22.88,398,PM2.5
2019-11-18 20:45:00,271,242,58.16,22.9,394,PM2.5
2019-11-18 20:46:00,276,246,58.32,22.91,397,PM2.5
2019-11-18 20:47:00,272,242,58.93,22.93,394,PM2.5
2019-11-18 20:48:00,279,240,59.17,22.93,392,PM2.5
2019-11-18 20:49:00,264,236,59.03,22.94,389,PM2.5
2019-11-18 20:50:00,269,236,58.83,22.94,389,PM2.5
2019-11-18 20:51:00,260,234,58.89,22.95,388,PM2.5
2019-11-18 20:52:00,277,244,59,22.96,395,PM2.5
2019-11-18 20:53:00,274,243,59.29,23.16,395,PM2.5
2019-11-18 20:54:00,269,244,58.97,23.15,395,PM2.5
2019-11-18 20:55:00,269,235,58.39,23.11,388,PM2.5
2019-11-18 20:56:00,257,232,58.41,23.07,386,PM2.5
2019-11-18 20:57:00,260,236,58.48,23.02,389,PM2.5
2019-11-18 20:58:00,264,237,58.51,22.99,390,PM2.5
2019-11-18 20:59:00,270,237,58.79,22.97,390,PM2.5
2019-11-18 21:00:00,271,246,58.77,22.95,397,PM2.5
2019-11-18 21:01:00,270,241,59.15,22.92,393,PM2.5
2019-11-18 21:02:00,270,243,58.8,22.89,395,PM2.5
2019-11-18 21:03:00,273,242,58.99,22.88,394,PM2.5
2019-11-18 21:04:00,279,244,59.09,22.85,395,PM2.5
2019-11-18 21:05:00,273,242,59.02,22.83,394,PM2.5
2019-11-18 21:06:00,266,244,58.99,22.8,395,PM2.5
2019-11-18 21:07:00,262,240,58.95,22.77,392,PM2.5
2019-11-18 21:08:00,261,231,59,22.75,385,PM2.5
2019-11-18 21:09:00,269,241,58.75,22.74,393,PM2.5
2019-11-18 21:10:00,283,249,58.91,22.72,399,PM2.5
2019-11-18 21:11:00,271,243,59.15,22.7,395,PM2.5
2019-11-18 21:12:00,273,240,59.32,22.69,392,PM2.5
2019-11-18 21:13:00,279,238,59.43,22.68,391,PM2.5
2019-11-18 21:14:00,274,250,59.39,22.66,400,PM2.5
2019-11-18 21:15:00,275,246,60.03,22.66,397,PM2.5
2019-11-18 21:16:00,283,247,59.15,22.65,398,PM2.5
2019-11-18 21:17:00,279,245,59.36,22.65,396,PM2.5
2019-11-18 21:18:00,268,241,59.6,22.64,393,PM2.5
2019-11-18 21:19:00,268,238,59.23,22.63,391,PM2.5
2019-11-18 21:20:00,262,235,59.32,22.62,388,PM2.5
2019-11-18 21:21:00,257,234,60.25,22.63,388,PM2.5
2019-11-18 21:22:00,247,224,59.62,22.63,380,PM2.5
2019-11-18 21:23:00,252,232,59.69,22.64,386,PM2.5
2019-11-18 21:24:00,253,224,59.42,22.64,380,PM2.5
2019-11-18 21:25:00,250,225,59.72,22.64,381,PM2.5
2019-11-18 21:26:00,241,214,59.06,22.65,372,PM2.5
2019-11-18 21:27:00,240,211,59.03,22.64,370,PM2.5
2019-11-18 21:28:00,251,216,58.59,22.64,374,PM2.5
2019-11-18 21:29:00,236,214,58.26,22.63,372,PM2.5
2019-11-18 21:30:00,246,211,58.55,22.63,370,PM2.5
2019-11-18 21:31:00,229,207,58.63,22.62,367,PM2.5
2019-11-18 21:32:00,239,205,58.5,22.62,365,PM2.5
2019-11-18 21:33:00,218,194,58.61,22.62,357,PM2.5
2019-11-18 21:34:00,224,196,58.44,22.61,358,PM2.5
2019-11-18 21:35:00,220,192,58.66,22.6,355,PM2.5
2019-11-18 21:36:00,224,201,59.02,22.6,362,PM2.5
20